{"nipple": {"x": 1607.93875, "y": 1272.937805}}