{"nipple": {"x": 2076.17149, "y": 1658.56792}}