{"nipple": {"x": 1537.865505, "y": 1582.5246300000001}}