{"nipple": {"x": 759.3230550000001, "y": 1772.176945}}