{"nipple": {"x": 1039.582205, "y": 1772.632755}}