{"nipple": {"x": 1007.5640149999999, "y": 1658.567885}}