{"nipple": {"x": 2182.231845, "y": 1522.4904900000001}}