{"nipple": {"x": 1065.597055, "y": 1690.5860950000001}}