{"nipple": {"x": 918.36362, "y": 1710.59744}}