{"nipple": {"x": 1564.212575, "y": 1828.7000899999998}}