{"nipple": {"x": 2178.229555, "y": 1400.4211899999998}}