{"nipple": {"x": 1912.929055, "y": 1546.504175}}