{"nipple": {"x": 2002.1293600000001, "y": 1826.663475}}