{"nipple": {"x": 960.152425, "y": 1808.694545}}