{"nipple": {"x": 1036.799735, "y": 1674.576975}}