{"nipple": {"x": 875.4889250000001, "y": 1782.6384799999998}}