{"nipple": {"x": 2030.2971699999998, "y": 1765.394175}}