{"nipple": {"x": 1898.1029500000002, "y": 2141.91627}}