{"nipple": {"x": 924.3670950000001, "y": 1744.616845}}