{"nipple": {"x": 1425.525635, "y": 1566.43274}}