{"nipple": {"x": 2138.206775, "y": 1522.49053}}