{"nipple": {"x": 695.386535, "y": 1698.590655}}