{"nipple": {"x": 992.19835, "y": 1505.38774}}