{"nipple": {"x": 690.60293, "y": 1926.720375}}