{"nipple": {"x": 727.79885, "y": 1473.7347900000002}}