{"nipple": {"x": 790.290855, "y": 1708.59636}}