{"nipple": {"x": 1068.5741699999999, "y": 1642.997025}}