{"nipple": {"x": 994.775835, "y": 1354.394975}}