{"nipple": {"x": 1812.87231, "y": 1660.5690399999999}}