{"nipple": {"x": 1954.1021349999999, "y": 1568.5166000000002}}