{"nipple": {"x": 1276.15298, "y": 1343.31782}}