{"nipple": {"x": 795.4458450000001, "y": 1870.131555}}