{"nipple": {"x": 1015.568555, "y": 2038.78412}}