{"nipple": {"x": 1793.2297800000001, "y": 1722.6042949999999}}