{"nipple": {"x": 1976.1145849999998, "y": 1744.6168200000002}}