{"nipple": {"x": 1714.8163949999998, "y": 1758.6247600000002}}