{"nipple": {"x": 904.129315, "y": 1134.609705}}