{"nipple": {"x": 714.1045499999999, "y": 2104.53299}}