{"nipple": {"x": 766.10583, "y": 1485.03942}}