{"nipple": {"x": 573.92718, "y": 1627.477715}}