{"nipple": {"x": 946.2094050000001, "y": 2007.3131950000002}}