{"nipple": {"x": 878.34089, "y": 1592.53033}}