{"nipple": {"x": 898.66036, "y": 1397.702375}}