{"nipple": {"x": 1075.602685, "y": 1858.68163}}