{"nipple": {"x": 1098.4660450000001, "y": 1790.642955}}