{"nipple": {"x": 1722.65663, "y": 1538.8205150000001}}