{"nipple": {"x": 947.52987, "y": 1590.5292100000001}}