{"nipple": {"x": 842.320405, "y": 1520.4893749999999}}