{"nipple": {"x": 2113.042745, "y": 1412.4279700000002}}