{"nipple": {"x": 695.24672, "y": 1288.338905}}