{"nipple": {"x": 826.419805, "y": 1537.614875}}