{"nipple": {"x": 1858.71271, "y": 1830.34621}}