{"nipple": {"x": 2188.2279350000003, "y": 1584.52013}}