{"nipple": {"x": 2212.32769, "y": 1720.175655}}