{"nipple": {"x": 808.3010499999999, "y": 1752.621365}}