{"nipple": {"x": 1184.059385, "y": 1642.4327250000001}}