{"nipple": {"x": 918.36364, "y": 1352.39388}}