{"nipple": {"x": 1910.077135, "y": 1538.49968}}