{"nipple": {"x": 788.84383, "y": 1575.4764300000002}}