{"nipple": {"x": 2153.06554, "y": 1726.6065600000002}}