{"nipple": {"x": 786.2885749999999, "y": 1392.416565}}