{"nipple": {"x": 1113.624305, "y": 2014.770445}}