{"nipple": {"x": 880.34204, "y": 1944.730535}}