{"nipple": {"x": 596.18048, "y": 1980.7510849999999}}