{"nipple": {"x": 1963.62583, "y": 1365.21037}}