{"nipple": {"x": 1194.52063, "y": 1578.522435}}