{"nipple": {"x": 2018.138515, "y": 1798.6475300000002}}