{"nipple": {"x": 856.32837, "y": 1444.4461999999999}}