{"nipple": {"x": 1954.102175, "y": 1950.7340399999998}}