{"nipple": {"x": 1998.97802, "y": 1692.58727}}