{"nipple": {"x": 1385.602035, "y": 1685.6204149999999}}