{"nipple": {"x": 469.062755, "y": 1607.24274}}