{"nipple": {"x": 1772.217655, "y": 1855.8311899999999}}