{"nipple": {"x": 1980.11688, "y": 1586.5269349999999}}