{"nipple": {"x": 2110.58598, "y": 1552.8671800000002}}