{"nipple": {"x": 353.19199499999996, "y": 1416.43026}}