{"nipple": {"x": 691.384275, "y": 1752.621305}}