{"nipple": {"x": 1964.107865, "y": 1314.372195}}