{"nipple": {"x": 1085.80709, "y": 1572.0528049999998}}