{"nipple": {"x": 943.52765, "y": 1710.597525}}