{"nipple": {"x": 1907.8731850000001, "y": 1561.91088}}