{"nipple": {"x": 631.35014, "y": 1652.56451}}