{"nipple": {"x": 1299.730085, "y": 1958.73857}}