{"nipple": {"x": 699.3972100000001, "y": 1400.901505}}