{"nipple": {"x": 2086.177325, "y": 1398.420055}}