{"nipple": {"x": 932.371555, "y": 1708.596485}}