{"nipple": {"x": 2216.25113, "y": 1750.62019}}