{"nipple": {"x": 842.3204049999999, "y": 1720.6031999999998}}