{"nipple": {"x": 1293.747975, "y": 1312.9264950000002}}