{"nipple": {"x": 1990.1225849999998, "y": 1718.60201}}