{"nipple": {"x": 715.397895, "y": 1868.68736}}