{"nipple": {"x": 2119.046185, "y": 1744.6168149999999}}