{"nipple": {"x": 1996.126055, "y": 1692.5872650000001}}