{"nipple": {"x": 850.32495, "y": 1480.466645}}