{"nipple": {"x": 1914.98991, "y": 1292.8607550000002}}