{"nipple": {"x": 609.3376049999999, "y": 1788.641855}}