{"nipple": {"x": 2024.67088, "y": 1622.9558650000001}}