{"nipple": {"x": 1913.88553, "y": 1611.6512400000001}}