{"nipple": {"x": 925.1921050000001, "y": 2207.0812050000004}}