{"nipple": {"x": 1970.11119, "y": 1624.548565}}