{"nipple": {"x": 590.1770750000001, "y": 1522.4904849999998}}