{"nipple": {"x": 734.2589849999999, "y": 1770.6316000000002}}