{"nipple": {"x": 780.2851499999999, "y": 1788.64188}}