{"nipple": {"x": 684.2305349999999, "y": 1598.533765}}