{"nipple": {"x": 1028.426215, "y": 1824.6623000000002}}