{"nipple": {"x": 676.969065, "y": 1403.247915}}