{"nipple": {"x": 1926.93705, "y": 1688.5849600000001}}