{"nipple": {"x": 1205.67689, "y": 1800.648745}}