{"nipple": {"x": 1837.7844949999999, "y": 1790.2643500000001}}