{"nipple": {"x": 851.250565, "y": 1810.61268}}