{"nipple": {"x": 839.47716, "y": 1429.693195}}