{"nipple": {"x": 814.30448, "y": 1490.472305}}