{"nipple": {"x": 1878.909695, "y": 1902.706665}}