{"nipple": {"x": 1808.39247, "y": 1858.0921150000001}}