{"nipple": {"x": 806.281275, "y": 1612.4451549999999}}