{"nipple": {"x": 1993.343535, "y": 1704.59404}}