{"nipple": {"x": 675.66885, "y": 1453.3864600000002}}