{"nipple": {"x": 2185.196585, "y": 1645.565125}}