{"nipple": {"x": 1996.9453449999999, "y": 1646.561075}}