{"nipple": {"x": 1947.30482, "y": 2152.098185}}