{"nipple": {"x": 2012.9859900000001, "y": 1714.599835}}