{"nipple": {"x": 2014.1362649999999, "y": 1538.49964}}