{"nipple": {"x": 942.377285, "y": 1844.67368}}