{"nipple": {"x": 1673.94285, "y": 1764.62816}}