{"nipple": {"x": 1993.78829, "y": 1494.08312}}