{"nipple": {"x": 1523.162905, "y": 1426.4941999999999}}