{"nipple": {"x": 607.543165, "y": 1580.0504850000002}}