{"nipple": {"x": 868.7041650000001, "y": 1624.5485899999999}}