{"nipple": {"x": 600.28786, "y": 1867.1358149999999}}