{"nipple": {"x": 1604.7538749999999, "y": 1852.67827}}