{"nipple": {"x": 1077.60381, "y": 1784.6395400000001}}