{"nipple": {"x": 1342.414305, "y": 1400.90148}}