{"nipple": {"x": 824.1617150000001, "y": 1583.249585}}