{"nipple": {"x": 1954.921445, "y": 1620.54628}}