{"nipple": {"x": 923.3335099999999, "y": 1645.63183}}