{"nipple": {"x": 1886.063445, "y": 1738.6134000000002}}