{"nipple": {"x": 1944.94724, "y": 1538.499665}}