{"nipple": {"x": 990.5143899999999, "y": 1261.7410049999999}}