{"nipple": {"x": 761.91345, "y": 1654.3274500000002}}