{"nipple": {"x": 742.263535, "y": 1836.66915}}