{"nipple": {"x": 1993.3435200000001, "y": 1366.4017749999998}}