{"nipple": {"x": 1188.178055, "y": 1634.434995}}