{"nipple": {"x": 1019.306165, "y": 1813.584045}}