{"nipple": {"x": 942.45798, "y": 2066.097435}}