{"nipple": {"x": 2303.150955, "y": 1628.55081}}