{"nipple": {"x": 2108.18969, "y": 1674.577025}}