{"nipple": {"x": 2100.185195, "y": 1566.51559}}