{"nipple": {"x": 1832.88359, "y": 1880.694205}}