{"nipple": {"x": 1082.425955, "y": 1505.085275}}