{"nipple": {"x": 1215.259565, "y": 1704.34918}}