{"nipple": {"x": 2079.0234499999997, "y": 1652.5645000000002}}