{"nipple": {"x": 820.70199, "y": 1973.3993150000001}}