{"nipple": {"x": 1982.1180100000001, "y": 1568.5166649999999}}