{"nipple": {"x": 1902.923375, "y": 1844.6736999999998}}