{"nipple": {"x": 2236.2625749999997, "y": 1606.538325}}