{"nipple": {"x": 1366.61848, "y": 1914.713525}}