{"nipple": {"x": 984.401155, "y": 1616.5440350000001}}