{"nipple": {"x": 2030.2971750000002, "y": 1548.345335}}