{"nipple": {"x": 1378.5238650000001, "y": 1472.8809600000002}}