{"nipple": {"x": 1019.789955, "y": 1277.378295}}