{"nipple": {"x": 942.45799, "y": 1749.567695}}