{"nipple": {"x": 1158.50018, "y": 1844.67375}}