{"nipple": {"x": 2045.00417, "y": 1730.608865}}