{"nipple": {"x": 2123.04857, "y": 1612.54169}}