{"nipple": {"x": 834.678525, "y": 1493.67501}}