{"nipple": {"x": 914.361365, "y": 1794.6452599999998}}