{"nipple": {"x": 1342.414285, "y": 1455.28599}}