{"nipple": {"x": 1996.976765, "y": 1460.455295}}