{"nipple": {"x": 1010.628505, "y": 1231.349675}}