{"nipple": {"x": 588.348615, "y": 1564.0550349999999}}