{"nipple": {"x": 2097.7909250000002, "y": 1561.91088}}