{"nipple": {"x": 1893.537205, "y": 1575.4764400000001}}