{"nipple": {"x": 548.153195, "y": 1800.64867}}