{"nipple": {"x": 461.065005, "y": 1333.7205800000002}}