{"nipple": {"x": 1515.852955, "y": 2034.7818399999999}}