{"nipple": {"x": 914.655775, "y": 1557.65682}}