{"nipple": {"x": 1966.6572449999999, "y": 1971.13839}}