{"nipple": {"x": 2141.058695, "y": 1774.63388}}