{"nipple": {"x": 1790.859685, "y": 1680.580395}}