{"nipple": {"x": 985.55147, "y": 1918.715775}}