{"nipple": {"x": 2046.3665150000002, "y": 1928.415765}}