{"nipple": {"x": 1900.92225, "y": 1846.6748400000001}}