{"nipple": {"x": 1203.228815, "y": 1344.9173449999998}}