{"nipple": {"x": 1164.864785, "y": 1717.61125}}