{"nipple": {"x": 1100.882995, "y": 1341.71832}}