{"nipple": {"x": 1926.0893449999999, "y": 1525.7360700000002}}