{"nipple": {"x": 2048.15562, "y": 1636.55536}}