{"nipple": {"x": 761.91793, "y": 1611.6512400000001}}