{"nipple": {"x": 2115.8782699999997, "y": 1277.03428}}