{"nipple": {"x": 1069.06981, "y": 1575.4764400000001}}