{"nipple": {"x": 880.642595, "y": 1688.5227100000002}}