{"nipple": {"x": 960.12303, "y": 1327.322395}}