{"nipple": {"x": 1858.132825, "y": 1826.439155}}