{"nipple": {"x": 1079.604935, "y": 1454.451845}}