{"nipple": {"x": 810.302215, "y": 1898.70447}}