{"nipple": {"x": 671.372905, "y": 1420.432475}}