{"nipple": {"x": 1856.8971800000002, "y": 1532.4962249999999}}