{"nipple": {"x": 1922.934835, "y": 1972.74651}}