{"nipple": {"x": 2235.83618, "y": 1546.084405}}