{"nipple": {"x": 802.29764, "y": 1744.616825}}