{"nipple": {"x": 961.343695, "y": 1477.977255}}