{"nipple": {"x": 580.70996, "y": 1801.56898}}