{"nipple": {"x": 2249.272865, "y": 1731.480295}}