{"nipple": {"x": 903.2518200000001, "y": 1781.2206449999999}}