{"nipple": {"x": 954.38412, "y": 1572.518945}}