{"nipple": {"x": 1207.738545, "y": 1241.234405}}