{"nipple": {"x": 2124.922025, "y": 1505.38775}}