{"nipple": {"x": 1785.78321, "y": 1604.8684600000001}}