{"nipple": {"x": 1190.457515, "y": 1575.2518799999998}}