{"nipple": {"x": 1759.99177, "y": 1660.56905}}