{"nipple": {"x": 1166.28964, "y": 1955.311905}}