{"nipple": {"x": 1888.915405, "y": 1642.558785}}