{"nipple": {"x": 747.4161099999999, "y": 1830.6657249999998}}