{"nipple": {"x": 1437.9346400000002, "y": 1598.0856899999999}}