{"nipple": {"x": 1934.49767, "y": 1469.9025550000001}}