{"nipple": {"x": 1765.995245, "y": 1728.6077400000001}}