{"nipple": {"x": 875.34717, "y": 1128.97883}}