{"nipple": {"x": 1232.5422800000001, "y": 1584.52582}}