{"nipple": {"x": 2414.36376, "y": 1188.3005500000002}}