{"nipple": {"x": 691.495325, "y": 1684.0008500000001}}