{"nipple": {"x": 1954.952975, "y": 1704.594015}}