{"nipple": {"x": 1341.75402, "y": 1776.634955}}