{"nipple": {"x": 934.90478, "y": 1446.603685}}