{"nipple": {"x": 1294.484015, "y": 1774.357805}}