{"nipple": {"x": 797.4445499999999, "y": 1862.683935}}