{"nipple": {"x": 899.8989650000001, "y": 1315.329495}}