{"nipple": {"x": 1615.90983, "y": 1252.337005}}