{"nipple": {"x": 2120.40018, "y": 1783.481575}}