{"nipple": {"x": 1782.00425, "y": 1886.697635}}