{"nipple": {"x": 1039.42031, "y": 1396.10286}}