{"nipple": {"x": 1470.74414, "y": 1383.2977700000001}}