{"nipple": {"x": 2188.23523, "y": 1788.641865}}