{"nipple": {"x": 2084.176085, "y": 1476.46435}}