{"nipple": {"x": 818.107115, "y": 1672.6962250000001}}