{"nipple": {"x": 1606.754985, "y": 1706.5952200000002}}