{"nipple": {"x": 808.269545, "y": 1578.52236}}