{"nipple": {"x": 1800.865355, "y": 1484.468875}}