{"nipple": {"x": 691.38425, "y": 1724.605455}}