{"nipple": {"x": 2056.160215, "y": 1670.574755}}