{"nipple": {"x": 1904.9245349999999, "y": 1568.5166849999998}}