{"nipple": {"x": 2354.76593, "y": 1589.04199}}