{"nipple": {"x": 1774.850565, "y": 1452.45072}}