{"nipple": {"x": 1954.95295, "y": 1878.69306}}