{"nipple": {"x": 1098.461845, "y": 1609.390315}}