{"nipple": {"x": 997.05418, "y": 1788.00343}}