{"nipple": {"x": 2289.1115200000004, "y": 1578.5223700000001}}