{"nipple": {"x": 1069.06981, "y": 1602.60754}}