{"nipple": {"x": 627.347845, "y": 1390.415425}}