{"nipple": {"x": 681.12224, "y": 1444.0891399999998}}