{"nipple": {"x": 1438.36188, "y": 1528.865115}}