{"nipple": {"x": 799.44571, "y": 1534.497355}}