{"nipple": {"x": 2030.996185, "y": 1866.686195}}