{"nipple": {"x": 987.552675, "y": 1746.6179499999998}}