{"nipple": {"x": 1886.914275, "y": 1782.638425}}