{"nipple": {"x": 1048.806585, "y": 1698.5906799999998}}