{"nipple": {"x": 1747.3474800000001, "y": 1335.81834}}