{"nipple": {"x": 1191.377075, "y": 1469.68185}}