{"nipple": {"x": 962.806315, "y": 1747.30677}}