{"nipple": {"x": 950.7312549999999, "y": 1437.5599849999999}}