{"nipple": {"x": 2154.21591, "y": 1734.611165}}