{"nipple": {"x": 955.534425, "y": 1324.37787}}