{"nipple": {"x": 632.2009499999999, "y": 1672.575855}}