{"nipple": {"x": 1340.8147649999999, "y": 1103.38606}}