{"nipple": {"x": 1739.980365, "y": 1858.681655}}