{"nipple": {"x": 959.53668, "y": 1986.754505}}