{"nipple": {"x": 1132.87399, "y": 860.255255}}