{"nipple": {"x": 2197.271635, "y": 1342.60111}}