{"nipple": {"x": 957.9362450000001, "y": 1543.06225}}