{"nipple": {"x": 1561.24741, "y": 1603.24205}}