{"nipple": {"x": 1996.976915, "y": 1778.6361900000002}}