{"nipple": {"x": 648.53774, "y": 1516.69237}}