{"nipple": {"x": 952.38299, "y": 1524.49169}}