{"nipple": {"x": 1289.1652749999998, "y": 1313.522285}}