{"nipple": {"x": 1883.003005, "y": 1674.9571600000002}}