{"nipple": {"x": 2117.0450849999997, "y": 1768.63047}}