{"nipple": {"x": 1912.2484450000002, "y": 1779.436175}}