{"nipple": {"x": 1111.623145, "y": 1768.630445}}