{"nipple": {"x": 736.713805, "y": 1641.043275}}