{"nipple": {"x": 916.25534, "y": 1517.6682349999999}}