{"nipple": {"x": 1692.80391, "y": 1556.509875}}