{"nipple": {"x": 1723.971225, "y": 1466.45875}}