{"nipple": {"x": 2064.16475, "y": 1734.6111299999998}}