{"nipple": {"x": 804.733425, "y": 1262.920755}}