{"nipple": {"x": 2034.4850099999999, "y": 1435.299055}}