{"nipple": {"x": 1022.422825, "y": 1824.66234}}