{"nipple": {"x": 772.11818, "y": 1993.747705}}