{"nipple": {"x": 1638.7732250000001, "y": 1482.467795}}