{"nipple": {"x": 1801.234325, "y": 1686.58385}}