{"nipple": {"x": 2111.04164, "y": 1464.457575}}