{"nipple": {"x": 996.408025, "y": 1742.615695}}