{"nipple": {"x": 2000.97911, "y": 1536.49847}}