{"nipple": {"x": 682.451625, "y": 1826.439165}}