{"nipple": {"x": 1039.58223, "y": 1994.75909}}