{"nipple": {"x": 676.2259849999999, "y": 1528.49395}}