{"nipple": {"x": 1784.856215, "y": 2168.85793}}