{"nipple": {"x": 2032.9973049999999, "y": 1352.393795}}