{"nipple": {"x": 790.290825, "y": 1820.66001}}