{"nipple": {"x": 1078.454675, "y": 1636.555395}}