{"nipple": {"x": 707.321805, "y": 1602.60754}}