{"nipple": {"x": 983.43624, "y": 1856.77171}}