{"nipple": {"x": 1213.77066, "y": 1616.84002}}