{"nipple": {"x": 992.19835, "y": 1788.003425}}