{"nipple": {"x": 854.696245, "y": 1608.539465}}