{"nipple": {"x": 667.3863849999999, "y": 1772.550605}}