{"nipple": {"x": 2164.22159, "y": 1810.654305}}