{"nipple": {"x": 1765.995105, "y": 1812.65545}}