{"nipple": {"x": 567.55454, "y": 1567.25414}}