{"nipple": {"x": 2173.0769649999997, "y": 1656.566725}}