{"nipple": {"x": 839.94594, "y": 1934.9635850000002}}