{"nipple": {"x": 2104.187405, "y": 1680.58038}}