{"nipple": {"x": 638.2043749999999, "y": 1652.56441}}