{"nipple": {"x": 1086.656335, "y": 1626.167475}}