{"nipple": {"x": 1922.9292349999998, "y": 1756.350465}}