{"nipple": {"x": 1577.888255, "y": 1390.4154600000002}}