{"nipple": {"x": 2129.05191, "y": 1710.597425}}