{"nipple": {"x": 1411.793805, "y": 1638.55651}}