{"nipple": {"x": 1023.0809300000001, "y": 1892.005995}}