{"nipple": {"x": 877.49006, "y": 1880.6941900000002}}