{"nipple": {"x": 1718.8186999999998, "y": 1806.65207}}