{"nipple": {"x": 1884.4934899999998, "y": 1670.435295}}