{"nipple": {"x": 1500.69474, "y": 1860.682845}}