{"nipple": {"x": 1970.930545, "y": 1682.581555}}