{"nipple": {"x": 974.395475, "y": 1992.7579199999998}}