{"nipple": {"x": 928.3693499999999, "y": 1590.529215}}