{"nipple": {"x": 1344.605975, "y": 1896.7033099999999}}