{"nipple": {"x": 847.472975, "y": 1500.4779800000001}}