{"nipple": {"x": 816.1801399999999, "y": 1591.30291}}