{"nipple": {"x": 884.344305, "y": 1982.75217}}