{"nipple": {"x": 1015.56861, "y": 1714.599765}}