{"nipple": {"x": 1684.7993549999999, "y": 1858.6816600000002}}