{"nipple": {"x": 1739.7942699999999, "y": 1475.9957100000001}}