{"nipple": {"x": 1490.689035, "y": 1456.45297}}