{"nipple": {"x": 1063.777595, "y": 1627.477715}}