{"nipple": {"x": 1027.57537, "y": 1454.4518500000001}}