{"nipple": {"x": 734.2589849999999, "y": 1482.467785}}