{"nipple": {"x": 697.507645, "y": 1618.434015}}