{"nipple": {"x": 1931.308265, "y": 2042.78629}}