{"nipple": {"x": 824.612565, "y": 1349.666195}}