{"nipple": {"x": 1741.981535, "y": 1608.53943}}