{"nipple": {"x": 1986.971145, "y": 1452.45074}}