{"nipple": {"x": 2130.20219, "y": 1834.6680000000001}}