{"nipple": {"x": 1884.062295, "y": 1396.418905}}