{"nipple": {"x": 2061.013265, "y": 1524.4916500000002}}