{"nipple": {"x": 870.108405, "y": 1720.175665}}