{"nipple": {"x": 830.31359, "y": 2028.7783800000002}}