{"nipple": {"x": 910.034595, "y": 1611.651245}}