{"nipple": {"x": 1219.684595, "y": 1348.39156}}