{"nipple": {"x": 1831.251405, "y": 1582.5246300000001}}