{"nipple": {"x": 1999.34703, "y": 1512.4848749999999}}