{"nipple": {"x": 668.886075, "y": 1702.088255}}