{"nipple": {"x": 1670.47607, "y": 1776.698795}}