{"nipple": {"x": 827.150815, "y": 1986.96486}}