{"nipple": {"x": 757.421805, "y": 2040.78532}}