{"nipple": {"x": 1185.8675950000002, "y": 1577.7373550000002}}