{"nipple": {"x": 1035.301665, "y": 1890.362205}}