{"nipple": {"x": 2165.072355, "y": 1692.5872200000001}}