{"nipple": {"x": 2094.181785, "y": 1530.495115}}