{"nipple": {"x": 785.0926649999999, "y": 1290.53289}}