{"nipple": {"x": 1107.715855, "y": 1638.924205}}