{"nipple": {"x": 2020.99053, "y": 1522.4904900000001}}