{"nipple": {"x": 1642.775465, "y": 1720.6031349999998}}