{"nipple": {"x": 1934.090765, "y": 1606.538345}}