{"nipple": {"x": 1158.761585, "y": 1546.46007}}