{"nipple": {"x": 810.302185, "y": 1566.51562}}