{"nipple": {"x": 997.5583300000001, "y": 1816.657815}}