{"nipple": {"x": 1279.71875, "y": 1602.536055}}