{"nipple": {"x": 1086.487065, "y": 1447.28826}}