{"nipple": {"x": 1648.77887, "y": 1894.70218}}