{"nipple": {"x": 854.28192, "y": 1494.08312}}