{"nipple": {"x": 1371.20607, "y": 1504.8718700000002}}