{"nipple": {"x": 1988.49607, "y": 1611.65124}}