{"nipple": {"x": 2163.07127, "y": 1462.456455}}