{"nipple": {"x": 681.3785899999999, "y": 1240.3300949999998}}