{"nipple": {"x": 829.46277, "y": 1508.4825700000001}}