{"nipple": {"x": 955.53445, "y": 1924.719195}}