{"nipple": {"x": 632.20097, "y": 1884.696465}}