{"nipple": {"x": 1002.41144, "y": 1804.650885}}