{"nipple": {"x": 1064.969905, "y": 1402.074985}}