{"nipple": {"x": 643.7080500000001, "y": 1421.69551}}