{"nipple": {"x": 910.32758, "y": 1944.730545}}