{"nipple": {"x": 697.38767, "y": 1960.739675}}