{"nipple": {"x": 1197.672105, "y": 1726.6066099999998}}