{"nipple": {"x": 1830.8824100000002, "y": 1734.61111}}