{"nipple": {"x": 1024.423955, "y": 1808.653215}}