{"nipple": {"x": 1520.70605, "y": 1456.452945}}