{"nipple": {"x": 2047.00524, "y": 1758.62478}}