{"nipple": {"x": 1930.0884449999999, "y": 1552.5076000000001}}