{"nipple": {"x": 858.8037750000001, "y": 1923.6589600000002}}