{"nipple": {"x": 1676.719155, "y": 1311.32689}}