{"nipple": {"x": 757.4541449999999, "y": 1724.453215}}