{"nipple": {"x": 766.1058350000001, "y": 1726.95844}}