{"nipple": {"x": 800.29651, "y": 1588.52813}}