{"nipple": {"x": 777.41046, "y": 1955.311905}}