{"nipple": {"x": 930.3704749999999, "y": 1748.6191450000001}}