{"nipple": {"x": 953.72482, "y": 1088.9901650000002}}