{"nipple": {"x": 1108.200755, "y": 1380.10731}}