{"nipple": {"x": 1954.9529699999998, "y": 1628.55089}}