{"nipple": {"x": 881.746985, "y": 1754.089545}}