{"nipple": {"x": 1019.5708549999999, "y": 1818.6588900000002}}