{"nipple": {"x": 1251.0168600000002, "y": 1960.67615}}