{"nipple": {"x": 688.2327949999999, "y": 1668.57362}}