{"nipple": {"x": 702.240795, "y": 1442.4450299999999}}