{"nipple": {"x": 908.35795, "y": 1776.6350699999998}}