{"nipple": {"x": 853.47641, "y": 2016.7715699999999}}