{"nipple": {"x": 2120.196675, "y": 1794.64529}}