{"nipple": {"x": 1706.81188, "y": 1810.654305}}