{"nipple": {"x": 1339.752885, "y": 2040.7851150000001}}