{"nipple": {"x": 1850.89382, "y": 1946.731695}}