{"nipple": {"x": 985.4155700000001, "y": 1688.52271}}