{"nipple": {"x": 2406.44317, "y": 1780.623025}}