{"nipple": {"x": 1724.822135, "y": 1858.681695}}