{"nipple": {"x": 867.84748, "y": 1998.269555}}