{"nipple": {"x": 2030.99612, "y": 1558.511015}}