{"nipple": {"x": 1097.61523, "y": 1806.652085}}