{"nipple": {"x": 1119.185835, "y": 1327.9798449999998}}