{"nipple": {"x": 2002.061625, "y": 1801.568975}}