{"nipple": {"x": 796.29422, "y": 1944.73055}}