{"nipple": {"x": 999.55946, "y": 1826.66346}}