{"nipple": {"x": 1155.648205, "y": 1602.536045}}