{"nipple": {"x": 2119.04628, "y": 1516.487075}}