{"nipple": {"x": 2028.995075, "y": 1302.36542}}