{"nipple": {"x": 691.87095, "y": 1634.851395}}