{"nipple": {"x": 662.186505, "y": 1636.555365}}