{"nipple": {"x": 1598.1264549999999, "y": 1539.30163}}