{"nipple": {"x": 1866.9028600000001, "y": 1812.65553}}