{"nipple": {"x": 805.8867399999999, "y": 1792.789965}}