{"nipple": {"x": 1211.68007, "y": 1476.46436}}