{"nipple": {"x": 940.92851, "y": 1343.317865}}