{"nipple": {"x": 932.740575, "y": 1416.4302400000001}}