{"nipple": {"x": 2087.028055, "y": 1624.54856}}