{"nipple": {"x": 658.4056499999999, "y": 1848.67393}}