{"nipple": {"x": 853.476415, "y": 1788.641855}}