{"nipple": {"x": 1031.57755, "y": 1870.68839}}