{"nipple": {"x": 1664.756525, "y": 2020.773795}}