{"nipple": {"x": 822.628975, "y": 1693.04456}}