{"nipple": {"x": 1060.894375, "y": 1352.9150849999999}}