{"nipple": {"x": 1142.491055, "y": 1440.44385}}