{"nipple": {"x": 1905.61226, "y": 1756.3504699999999}}