{"nipple": {"x": 2114.193145, "y": 1506.481415}}