{"nipple": {"x": 836.647025, "y": 1215.933605}}