{"nipple": {"x": 2108.325055, "y": 1622.95587}}