{"nipple": {"x": 884.344305, "y": 1578.522385}}