{"nipple": {"x": 862.700785, "y": 1772.6327600000002}}