{"nipple": {"x": 622.6190799999999, "y": 1064.9969999999998}}