{"nipple": {"x": 753.4195149999999, "y": 2042.7863049999999}}