{"nipple": {"x": 614.333085, "y": 1793.690995}}