{"nipple": {"x": 858.803775, "y": 1579.99829}}