{"nipple": {"x": 1680.91535, "y": 1557.5903899999998}}