{"nipple": {"x": 657.8090599999999, "y": 1493.6750550000002}}