{"nipple": {"x": 898.352295, "y": 1800.648665}}