{"nipple": {"x": 2243.0852050000003, "y": 1604.537205}}