{"nipple": {"x": 946.37954, "y": 1754.622525}}