{"nipple": {"x": 2099.281415, "y": 1595.82476}}