{"nipple": {"x": 1794.861925, "y": 1502.47916}}