{"nipple": {"x": 2250.270465, "y": 1816.65777}}