{"nipple": {"x": 1848.861145, "y": 2100.819305}}