{"nipple": {"x": 927.4521500000001, "y": 1341.718275}}