{"nipple": {"x": 1320.940215, "y": 1610.44182}}