{"nipple": {"x": 757.685475, "y": 1598.1960749999998}}