{"nipple": {"x": 1846.891525, "y": 1456.453055}}