{"nipple": {"x": 2147.868815, "y": 1856.819545}}