{"nipple": {"x": 1119.39756, "y": 1260.141455}}