{"nipple": {"x": 744.18445, "y": 1420.0959599999999}}