{"nipple": {"x": 853.4764299999999, "y": 1608.539445}}