{"nipple": {"x": 1097.499505, "y": 1100.272925}}