{"nipple": {"x": 646.20892, "y": 2044.787385}}