{"nipple": {"x": 820.30792, "y": 1702.592935}}