{"nipple": {"x": 889.0630600000001, "y": 1453.68643}}