{"nipple": {"x": 1772.849375, "y": 1450.449585}}