{"nipple": {"x": 1903.351325, "y": 1663.65253}}