{"nipple": {"x": 1922.039295, "y": 1720.58143}}