{"nipple": {"x": 1160.501315, "y": 2032.7806699999999}}