{"nipple": {"x": 2008.98369, "y": 1626.54969}}