{"nipple": {"x": 1585.892765, "y": 1474.46327}}