{"nipple": {"x": 1796.8630549999998, "y": 1454.4518500000001}}