{"nipple": {"x": 616.191885, "y": 1570.517855}}