{"nipple": {"x": 690.233945, "y": 1742.61572}}