{"nipple": {"x": 839.9459350000001, "y": 2072.880085}}