{"nipple": {"x": 1852.044085, "y": 1886.697595}}