{"nipple": {"x": 2010.133895, "y": 1862.683945}}