{"nipple": {"x": 999.431665, "y": 1429.6932499999998}}