{"nipple": {"x": 1509.179875, "y": 1548.34533}}