{"nipple": {"x": 813.58527, "y": 1286.07798}}