{"nipple": {"x": 1974.96428, "y": 1606.5383499999998}}