{"nipple": {"x": 1948.56984, "y": 1684.000855}}