{"nipple": {"x": 2163.07124, "y": 1424.4347500000001}}