{"nipple": {"x": 2177.0792500000002, "y": 1288.35746}}