{"nipple": {"x": 1890.9165349999998, "y": 1678.579235}}