{"nipple": {"x": 504.128155, "y": 1538.499615}}