{"nipple": {"x": 596.34637, "y": 1480.8787300000001}}