{"nipple": {"x": 2036.14871, "y": 1566.515595}}