{"nipple": {"x": 2036.148815, "y": 1606.538335}}