{"nipple": {"x": 1435.187815, "y": 1380.107365}}