{"nipple": {"x": 1111.957065, "y": 1244.848755}}