{"nipple": {"x": 800.019715, "y": 1351.6448149999999}}