{"nipple": {"x": 843.47072, "y": 1588.528095}}