{"nipple": {"x": 752.182205, "y": 1615.240495}}