{"nipple": {"x": 1355.761975, "y": 1950.7340399999998}}