{"nipple": {"x": 602.5528850000001, "y": 1626.549685}}