{"nipple": {"x": 1359.3292900000001, "y": 1388.1050599999999}}