{"nipple": {"x": 1993.788285, "y": 1695.3054849999999}}