{"nipple": {"x": 2061.013315, "y": 1554.50872}}