{"nipple": {"x": 2073.0200099999997, "y": 1644.5599100000002}}