{"nipple": {"x": 797.4445450000001, "y": 1724.605465}}