{"nipple": {"x": 2094.181755, "y": 1254.338095}}