{"nipple": {"x": 701.723135, "y": 1277.378305}}