{"nipple": {"x": 1740.831215, "y": 1738.6134049999998}}