{"nipple": {"x": 1664.788025, "y": 1430.438205}}