{"nipple": {"x": 591.327375, "y": 1750.620235}}