{"nipple": {"x": 2113.281655, "y": 2040.095995}}