{"nipple": {"x": 963.538965, "y": 1710.59743}}