{"nipple": {"x": 2064.164545, "y": 1640.55768}}