{"nipple": {"x": 778.284015, "y": 1912.712385}}