{"nipple": {"x": 1612.32604, "y": 1583.941235}}