{"nipple": {"x": 782.4310949999999, "y": 1167.1392349999999}}