{"nipple": {"x": 2026.893265, "y": 1497.4065950000002}}