{"nipple": {"x": 928.10617, "y": 1676.86673}}