{"nipple": {"x": 1025.999295, "y": 1408.89922}}