{"nipple": {"x": 2062.16364, "y": 1540.500815}}