{"nipple": {"x": 1618.4747949999999, "y": 1659.1306749999999}}