{"nipple": {"x": 686.23168, "y": 1934.724925}}