{"nipple": {"x": 1765.43488, "y": 2081.92373}}