{"nipple": {"x": 1068.21207, "y": 1383.306425}}