{"nipple": {"x": 985.55152, "y": 1860.682845}}