{"nipple": {"x": 865.7498899999999, "y": 1800.7877150000002}}