{"nipple": {"x": 1687.95083, "y": 1866.68626}}