{"nipple": {"x": 912.5493749999999, "y": 1474.3629349999999}}