{"nipple": {"x": 1938.943855, "y": 1894.7021100000002}}