{"nipple": {"x": 2125.049625, "y": 1706.595235}}