{"nipple": {"x": 801.4468449999999, "y": 1368.4029699999999}}