{"nipple": {"x": 1957.6135450000002, "y": 1708.871035}}