{"nipple": {"x": 2210.24772, "y": 1534.4973400000001}}