{"nipple": {"x": 2145.061135, "y": 1458.45414}}