{"nipple": {"x": 1136.072975, "y": 1495.274635}}