{"nipple": {"x": 1796.831565, "y": 1722.6043499999998}}