{"nipple": {"x": 1958.9552600000002, "y": 1644.55988}}