{"nipple": {"x": 570.753625, "y": 1458.4850399999998}}