{"nipple": {"x": 1841.5359150000002, "y": 1693.04455}}