{"nipple": {"x": 2109.09543, "y": 1835.482865}}