{"nipple": {"x": 1941.358075, "y": 1738.707945}}