{"nipple": {"x": 924.7360299999999, "y": 1932.72371}}