{"nipple": {"x": 821.45823, "y": 1762.627075}}