{"nipple": {"x": 894.3499850000001, "y": 1596.532635}}