{"nipple": {"x": 980.893715, "y": 1688.52271}}