{"nipple": {"x": 995.607945, "y": 1597.64551}}