{"nipple": {"x": 2055.00983, "y": 1490.472305}}