{"nipple": {"x": 1882.912075, "y": 1480.466625}}