{"nipple": {"x": 808.292985, "y": 1760.872315}}