{"nipple": {"x": 932.74058, "y": 1408.42573}}