{"nipple": {"x": 1028.223475, "y": 1471.2813350000001}}