{"nipple": {"x": 2169.074635, "y": 1406.424585}}