{"nipple": {"x": 703.391075, "y": 1870.68847}}