{"nipple": {"x": 985.453215, "y": 1618.938715}}