{"nipple": {"x": 1890.9165249999999, "y": 1460.455265}}