{"nipple": {"x": 2052.97722, "y": 1722.6043300000001}}