{"nipple": {"x": 1874.389465, "y": 1450.104815}}