{"nipple": {"x": 932.37161, "y": 1676.57818}}