{"nipple": {"x": 1959.324165, "y": 1616.5439749999998}}