{"nipple": {"x": 2068.166965, "y": 1464.4575699999998}}