{"nipple": {"x": 1113.67936, "y": 1380.1073700000002}}