{"nipple": {"x": 606.18618, "y": 1986.7544349999998}}