{"nipple": {"x": 680.2282399999999, "y": 1730.6088799999998}}