{"nipple": {"x": 1947.317405, "y": 1716.6008749999999}}