{"nipple": {"x": 1854.896105, "y": 1732.60997}}