{"nipple": {"x": 1677.163785, "y": 1852.6782600000001}}