{"nipple": {"x": 2128.201065, "y": 1578.522385}}