{"nipple": {"x": 970.3932649999999, "y": 1818.658835}}