{"nipple": {"x": 1774.47858, "y": 1794.7862049999999}}