{"nipple": {"x": 746.634815, "y": 1880.6941900000002}}