{"nipple": {"x": 1482.494215, "y": 1304.92862}}