{"nipple": {"x": 1441.81086, "y": 1750.620235}}