{"nipple": {"x": 1844.890345, "y": 1766.62928}}