{"nipple": {"x": 1806.868785, "y": 1552.507615}}