{"nipple": {"x": 1005.56287, "y": 1826.663465}}