{"nipple": {"x": 758.27263, "y": 1724.605455}}