{"nipple": {"x": 1413.06446, "y": 1740.523995}}