{"nipple": {"x": 1092.83161, "y": 1620.5463000000002}}