{"nipple": {"x": 803.44799, "y": 1828.6645449999999}}