{"nipple": {"x": 2081.024565, "y": 1612.541755}}