{"nipple": {"x": 1902.8918050000002, "y": 1802.649795}}