{"nipple": {"x": 1932.089645, "y": 1726.6066250000001}}