{"nipple": {"x": 645.01268, "y": 1314.5260250000001}}