{"nipple": {"x": 629.3490049999999, "y": 1390.415495}}