{"nipple": {"x": 1632.769775, "y": 1354.39495}}