{"nipple": {"x": 2215.6929950000003, "y": 1423.994425}}