{"nipple": {"x": 929.51964, "y": 1644.55989}}