{"nipple": {"x": 1088.463475, "y": 1608.095545}}