{"nipple": {"x": 1714.816405, "y": 1372.40523}}