{"nipple": {"x": 2136.22665, "y": 1641.043275}}