{"nipple": {"x": 873.38509, "y": 1478.048185}}