{"nipple": {"x": 905.936515, "y": 1389.424605}}