{"nipple": {"x": 839.945935, "y": 1751.8286150000001}}