{"nipple": {"x": 896.3511299999999, "y": 1772.632705}}