{"nipple": {"x": 1932.940375, "y": 1392.416575}}