{"nipple": {"x": 2347.175985, "y": 1908.710095}}