{"nipple": {"x": 894.34998, "y": 1750.62023}}