{"nipple": {"x": 695.38652, "y": 1664.571285}}