{"nipple": {"x": 1888.915435, "y": 1946.731725}}