{"nipple": {"x": 900.3534099999999, "y": 1874.690765}}