{"nipple": {"x": 1580.708725, "y": 1572.51893}}