{"nipple": {"x": 1906.925655, "y": 1870.6884949999999}}