{"nipple": {"x": 806.8024849999999, "y": 1769.916025}}