{"nipple": {"x": 841.827745, "y": 1349.75474}}