{"nipple": {"x": 1755.989525, "y": 1666.57237}}