{"nipple": {"x": 1024.423925, "y": 1670.57472}}