{"nipple": {"x": 2250.27053, "y": 1104.2527400000001}}