{"nipple": {"x": 1010.138025, "y": 1712.913045}}