{"nipple": {"x": 597.94589, "y": 1589.64774}}