{"nipple": {"x": 1823.448515, "y": 1808.351755}}