{"nipple": {"x": 798.09274, "y": 1487.300345}}