{"nipple": {"x": 739.41157, "y": 1348.391545}}