{"nipple": {"x": 1077.3798900000002, "y": 1667.43388}}