{"nipple": {"x": 1201.65433, "y": 1332.120995}}