{"nipple": {"x": 1221.580205, "y": 1456.290945}}