{"nipple": {"x": 777.43318, "y": 1616.544045}}