{"nipple": {"x": 1830.882455, "y": 1432.439335}}