{"nipple": {"x": 892.3173099999999, "y": 1894.7021699999998}}