{"nipple": {"x": 914.9725450000001, "y": 1579.180285}}