{"nipple": {"x": 880.342045, "y": 1602.53602}}