{"nipple": {"x": 706.2430499999999, "y": 1732.60997}}