{"nipple": {"x": 882.343185, "y": 1760.625975}}