{"nipple": {"x": 2286.938165, "y": 1740.523995}}