{"nipple": {"x": 671.14699, "y": 2059.31448}}