{"nipple": {"x": 862.5508000000001, "y": 1343.317795}}