{"nipple": {"x": 627.3478700000001, "y": 1980.7510699999998}}