{"nipple": {"x": 1062.546795, "y": 1385.810215}}