{"nipple": {"x": 1729.260135, "y": 1645.56512}}