{"nipple": {"x": 1272.5334400000002, "y": 1996.76014}}