{"nipple": {"x": 2198.240965, "y": 1666.57247}}