{"nipple": {"x": 946.97984, "y": 1654.60883}}