{"nipple": {"x": 2051.889305, "y": 1934.20294}}