{"nipple": {"x": 1367.327005, "y": 1578.450945}}