{"nipple": {"x": 991.554885, "y": 1902.706725}}