{"nipple": {"x": 2220.253415, "y": 1616.5440350000001}}