{"nipple": {"x": 677.9297750000001, "y": 1496.344045}}