{"nipple": {"x": 1356.1301349999999, "y": 1722.4099449999999}}