{"nipple": {"x": 757.062125, "y": 1756.35047}}