{"nipple": {"x": 866.334075, "y": 2170.859145}}