{"nipple": {"x": 2044.97267, "y": 1596.532595}}