{"nipple": {"x": 1806.017965, "y": 1706.5951949999999}}