{"nipple": {"x": 1810.02019, "y": 1614.54285}}