{"nipple": {"x": 2050.1567649999997, "y": 1422.433645}}