{"nipple": {"x": 1190.8578049999999, "y": 1561.108405}}