{"nipple": {"x": 1392.00015, "y": 890.646615}}