{"nipple": {"x": 1820.02595, "y": 1746.61795}}