{"nipple": {"x": 1034.39813, "y": 1692.5872049999998}}