{"nipple": {"x": 1306.552825, "y": 1518.48826}}