{"nipple": {"x": 1044.199635, "y": 1677.218075}}