{"nipple": {"x": 731.407005, "y": 1642.558785}}