{"nipple": {"x": 782.254795, "y": 1700.59176}}