{"nipple": {"x": 938.7439899999999, "y": 1662.57017}}