{"nipple": {"x": 1341.7343150000002, "y": 1693.618205}}