{"nipple": {"x": 2384.92839, "y": 1720.17566}}