{"nipple": {"x": 1856.897145, "y": 1466.458715}}