{"nipple": {"x": 1100.467145, "y": 1732.60997}}