{"nipple": {"x": 646.20892, "y": 1712.598635}}