{"nipple": {"x": 1866.052035, "y": 1436.44164}}