{"nipple": {"x": 1894.0680100000002, "y": 1352.393865}}