{"nipple": {"x": 1980.1168949999999, "y": 1634.554275}}