{"nipple": {"x": 2183.082645, "y": 1402.42227}}