{"nipple": {"x": 982.40002, "y": 1442.445045}}