{"nipple": {"x": 2195.089445, "y": 1548.505295}}