{"nipple": {"x": 1084.458085, "y": 2122.83186}}