{"nipple": {"x": 768.47258, "y": 1005.81383}}