{"nipple": {"x": 870.54852, "y": 1592.846805}}