{"nipple": {"x": 831.672675, "y": 1853.57026}}