{"nipple": {"x": 1092.4626349999999, "y": 1648.56223}}