{"nipple": {"x": 929.51964, "y": 1920.71693}}