{"nipple": {"x": 1979.335605, "y": 1672.575865}}