{"nipple": {"x": 1778.93404, "y": 1577.02828}}