{"nipple": {"x": 1998.977985, "y": 1800.648635}}