{"nipple": {"x": 525.808965, "y": 1291.835825}}