{"nipple": {"x": 1782.823595, "y": 1346.390385}}