{"nipple": {"x": 788.7150800000001, "y": 1684.0008500000001}}