{"nipple": {"x": 2090.17942, "y": 1594.531495}}