{"nipple": {"x": 2199.09182, "y": 1856.6805000000002}}