{"nipple": {"x": 778.284005, "y": 1874.6907549999999}}