{"nipple": {"x": 1928.93823, "y": 2020.77386}}