{"nipple": {"x": 640.205525, "y": 1908.7101499999999}}