{"nipple": {"x": 495.272785, "y": 1838.67027}}