{"nipple": {"x": 1062.44556, "y": 1690.58612}}