{"nipple": {"x": 900.722395, "y": 1700.5918199999999}}