{"nipple": {"x": 1071.582795, "y": 1412.918165}}