{"nipple": {"x": 940.24851, "y": 1296.93102}}