{"nipple": {"x": 752.269235, "y": 1816.65782}}