{"nipple": {"x": 1936.9427249999999, "y": 1406.4245899999999}}