{"nipple": {"x": 2217.101955, "y": 1756.623665}}