{"nipple": {"x": 2298.2978700000003, "y": 1848.6759749999999}}