{"nipple": {"x": 894.3499850000001, "y": 1448.448455}}