{"nipple": {"x": 1898.82948, "y": 1611.651245}}