{"nipple": {"x": 1052.43989, "y": 1610.540585}}