{"nipple": {"x": 1133.793455, "y": 1316.125575}}