{"nipple": {"x": 1091.21478, "y": 1642.525355}}