{"nipple": {"x": 629.93679, "y": 1357.71371}}