{"nipple": {"x": 1239.6959800000002, "y": 1608.5394549999999}}