{"nipple": {"x": 1713.184325, "y": 1402.42227}}