{"nipple": {"x": 824.31018, "y": 1718.6020500000002}}