{"nipple": {"x": 2179.04887, "y": 1772.6327600000002}}