{"nipple": {"x": 2010.253115, "y": 2008.1778000000002}}