{"nipple": {"x": 1107.505545, "y": 1946.268265}}