{"nipple": {"x": 2066.165845, "y": 1566.515565}}