{"nipple": {"x": 2128.20105, "y": 1528.493955}}