{"nipple": {"x": 1864.9017000000001, "y": 1804.6509600000002}}