{"nipple": {"x": 1140.490015, "y": 1734.611145}}