{"nipple": {"x": 1192.665045, "y": 1329.7870349999998}}