{"nipple": {"x": 897.74078, "y": 1420.09595}}