{"nipple": {"x": 635.123835, "y": 1555.686805}}