{"nipple": {"x": 966.816155, "y": 1613.64093}}