{"nipple": {"x": 1942.095235, "y": 1454.451885}}