{"nipple": {"x": 802.29765, "y": 1802.649825}}