{"nipple": {"x": 2171.0757399999998, "y": 1508.48259}}