{"nipple": {"x": 2115.107835, "y": 1512.17053}}