{"nipple": {"x": 1619.9121699999998, "y": 1514.48597}}