{"nipple": {"x": 693.9186000000001, "y": 1108.18474}}