{"nipple": {"x": 990.51441, "y": 1359.3134049999999}}