{"nipple": {"x": 1818.024745, "y": 1684.58273}}