{"nipple": {"x": 994.63307, "y": 1415.29735}}