{"nipple": {"x": 1591.343685, "y": 1688.522705}}