{"nipple": {"x": 681.817455, "y": 1765.18133}}