{"nipple": {"x": 2046.154495, "y": 1594.53159}}