{"nipple": {"x": 1212.1711249999998, "y": 1479.27914}}