{"nipple": {"x": 656.214605, "y": 1898.704415}}