{"nipple": {"x": 962.388645, "y": 1680.5804249999999}}