{"nipple": {"x": 423.333805, "y": 1807.494425}}