{"nipple": {"x": 646.208945, "y": 1588.528135}}