{"nipple": {"x": 693.756245, "y": 1622.9558650000001}}