{"nipple": {"x": 1904.0737100000001, "y": 1428.43704}}