{"nipple": {"x": 1183.379355, "y": 1314.526015}}