{"nipple": {"x": 1908.075965, "y": 1650.5633950000001}}