{"nipple": {"x": 1196.521825, "y": 1954.73634}}