{"nipple": {"x": 2020.9904749999998, "y": 1488.471205}}