{"nipple": {"x": 1713.9656300000001, "y": 1680.58043}}