{"nipple": {"x": 1200.52406, "y": 1672.57588}}