{"nipple": {"x": 1729.974715, "y": 1510.4837400000001}}