{"nipple": {"x": 972.1868850000001, "y": 1384.0029849999999}}