{"nipple": {"x": 1774.850535, "y": 2020.77377}}