{"nipple": {"x": 1104.08206, "y": 1596.04588}}