{"nipple": {"x": 694.23622, "y": 1790.642955}}