{"nipple": {"x": 775.4953849999999, "y": 986.61932}}