{"nipple": {"x": 815.4548100000001, "y": 1402.422235}}