{"nipple": {"x": 2043.00302, "y": 1380.4098099999999}}