{"nipple": {"x": 580.3508850000001, "y": 1423.295085}}