{"nipple": {"x": 636.57222, "y": 1602.536045}}