{"nipple": {"x": 672.63746, "y": 1523.475155}}