{"nipple": {"x": 673.37403, "y": 1574.520105}}