{"nipple": {"x": 2068.732845, "y": 1369.73222}}