{"nipple": {"x": 1174.5092049999998, "y": 2098.818185}}