{"nipple": {"x": 1620.762945, "y": 1664.57132}}