{"nipple": {"x": 971.6148000000001, "y": 1319.32468}}