{"nipple": {"x": 2191.087145, "y": 1676.57814}}