{"nipple": {"x": 2111.04162, "y": 1552.5075849999998}}