{"nipple": {"x": 756.271495, "y": 1474.463225}}