{"nipple": {"x": 1760.811085, "y": 1644.5599100000002}}