{"nipple": {"x": 822.309025, "y": 1620.546245}}