{"nipple": {"x": 1756.840315, "y": 1502.47918}}