{"nipple": {"x": 610.23073, "y": 1607.12938}}