{"nipple": {"x": 1118.81017, "y": 1677.2180750000002}}