{"nipple": {"x": 1842.408095, "y": 1437.320095}}