{"nipple": {"x": 2025.3617100000001, "y": 1892.701025}}