{"nipple": {"x": 776.15027, "y": 1383.306435}}