{"nipple": {"x": 1966.65725, "y": 1340.340185}}