{"nipple": {"x": 938.375055, "y": 1440.443845}}