{"nipple": {"x": 752.4274750000001, "y": 1273.763975}}