{"nipple": {"x": 644.2077650000001, "y": 1576.52129}}