{"nipple": {"x": 1457.87645, "y": 1663.2268100000001}}