{"nipple": {"x": 674.224845, "y": 1616.54397}}