{"nipple": {"x": 958.35488, "y": 1648.562205}}