{"nipple": {"x": 1966.657245, "y": 1665.9134600000002}}