{"nipple": {"x": 728.723475, "y": 1729.784475}}