{"nipple": {"x": 809.451385, "y": 1768.63049}}