{"nipple": {"x": 2158.218135, "y": 1634.554205}}