{"nipple": {"x": 845.683045, "y": 1555.6867849999999}}