{"nipple": {"x": 1755.208175, "y": 1500.477985}}