{"nipple": {"x": 854.553075, "y": 1263.34053}}