{"nipple": {"x": 935.5230349999999, "y": 1456.452975}}