{"nipple": {"x": 1188.517235, "y": 1640.5576600000002}}