{"nipple": {"x": 1728.824365, "y": 2022.774965}}