{"nipple": {"x": 1938.94386, "y": 1526.492825}}