{"nipple": {"x": 1685.53206, "y": 1516.69238}}