{"nipple": {"x": 1068.212105, "y": 1111.38383}}