{"nipple": {"x": 1964.10775, "y": 1526.492825}}