{"nipple": {"x": 722.793605, "y": 1378.5814149999999}}