{"nipple": {"x": 723.68531, "y": 1191.361075}}