{"nipple": {"x": 701.723115, "y": 1441.833365}}