{"nipple": {"x": 1941.31399, "y": 1400.4211149999999}}