{"nipple": {"x": 2110.586045, "y": 1636.5214150000002}}