{"nipple": {"x": 1822.8778300000001, "y": 1372.405205}}