{"nipple": {"x": 1971.179095, "y": 1754.089545}}