{"nipple": {"x": 1100.467095, "y": 1754.622525}}