{"nipple": {"x": 1110.472875, "y": 2358.96615}}