{"nipple": {"x": 949.3092350000001, "y": 1261.113575}}