{"nipple": {"x": 1733.0392849999998, "y": 1838.491885}}