{"nipple": {"x": 1910.13411, "y": 1763.133245}}