{"nipple": {"x": 1499.84385, "y": 1876.69188}}