{"nipple": {"x": 2030.1453700000002, "y": 1718.6020449999999}}