{"nipple": {"x": 826.31128, "y": 1576.52126}}