{"nipple": {"x": 1727.973515, "y": 1668.573585}}