{"nipple": {"x": 702.2407599999999, "y": 1618.545175}}