{"nipple": {"x": 793.4422950000001, "y": 1544.503035}}