{"nipple": {"x": 2099.847875, "y": 1382.4109349999999}}