{"nipple": {"x": 1083.60727, "y": 1728.607695}}