{"nipple": {"x": 1824.02817, "y": 1618.5451799999998}}