{"nipple": {"x": 1141.6402899999998, "y": 1594.531495}}