{"nipple": {"x": 1018.42054, "y": 1734.611135}}