{"nipple": {"x": 1592.747045, "y": 1772.6327500000002}}