{"nipple": {"x": 1001.242045, "y": 1636.5214150000002}}