{"nipple": {"x": 1164.50356, "y": 1678.5793199999998}}