{"nipple": {"x": 598.18163, "y": 1718.602035}}