{"nipple": {"x": 676.323595, "y": 1668.025435}}