{"nipple": {"x": 664.21915, "y": 1714.59977}}