{"nipple": {"x": 772.1181750000001, "y": 1792.525285}}