{"nipple": {"x": 1982.18082, "y": 1136.246385}}