{"nipple": {"x": 1824.9674049999999, "y": 2013.6227900000001}}