{"nipple": {"x": 1886.914245, "y": 1686.5838549999999}}