{"nipple": {"x": 646.5778849999999, "y": 1654.565615}}