{"nipple": {"x": 1099.61631, "y": 1588.5281049999999}}