{"nipple": {"x": 679.420235, "y": 2066.09725}}