{"nipple": {"x": 2068.166975, "y": 1588.528095}}