{"nipple": {"x": 971.5435299999999, "y": 1612.5417499999999}}