{"nipple": {"x": 858.42029, "y": 2001.40428}}