{"nipple": {"x": 1900.071395, "y": 1524.491655}}