{"nipple": {"x": 1870.0543400000001, "y": 1446.447285}}