{"nipple": {"x": 829.4627499999999, "y": 1588.52813}}