{"nipple": {"x": 847.472975, "y": 1736.61227}}