{"nipple": {"x": 1005.7638949999999, "y": 1527.997005}}