{"nipple": {"x": 1996.9767949999998, "y": 1644.559955}}