{"nipple": {"x": 1428.10972, "y": 1154.57147}}