{"nipple": {"x": 1269.713045, "y": 1964.74198}}