{"nipple": {"x": 1962.957465, "y": 1504.48034}}