{"nipple": {"x": 820.30792, "y": 1642.558785}}