{"nipple": {"x": 697.3876849999999, "y": 1546.5041700000002}}