{"nipple": {"x": 919.211155, "y": 1632.8149999999998}}