{"nipple": {"x": 1812.914315, "y": 1781.220655}}