{"nipple": {"x": 1252.83974, "y": 1391.3042050000001}}