{"nipple": {"x": 1026.425085, "y": 1886.69757}}