{"nipple": {"x": 1019.174025, "y": 1678.576275}}