{"nipple": {"x": 972.919375, "y": 1658.42821}}