{"nipple": {"x": 1211.2515850000002, "y": 1466.4828200000002}}