{"nipple": {"x": 1906.07484, "y": 1660.5689849999999}}