{"nipple": {"x": 2002.12945, "y": 1786.64063}}