{"nipple": {"x": 2068.16692, "y": 1914.713535}}