{"nipple": {"x": 2000.1282549999999, "y": 1792.644145}}