{"nipple": {"x": 726.222915, "y": 1772.63275}}