{"nipple": {"x": 1052.8966149999999, "y": 1493.6750550000002}}