{"nipple": {"x": 727.670095, "y": 1403.6461000000002}}