{"nipple": {"x": 745.4149749999999, "y": 1928.7214800000002}}