{"nipple": {"x": 571.315985, "y": 1792.644115}}