{"nipple": {"x": 2214.588675, "y": 1462.4301600000001}}