{"nipple": {"x": 2084.176075, "y": 1660.5690100000002}}