{"nipple": {"x": 1038.43192, "y": 1752.62137}}