{"nipple": {"x": 491.76343499999996, "y": 1446.60368}}