{"nipple": {"x": 830.3135749999999, "y": 1692.5872100000001}}