{"nipple": {"x": 951.53213, "y": 1716.600945}}