{"nipple": {"x": 1284.83069, "y": 1516.0687200000002}}