{"nipple": {"x": 928.3693199999999, "y": 1738.613455}}