{"nipple": {"x": 1044.218905, "y": 1532.064165}}