{"nipple": {"x": 1018.7895199999999, "y": 1958.7385649999999}}