{"nipple": {"x": 1997.53977, "y": 1525.736075}}