{"nipple": {"x": 857.4786899999999, "y": 1684.582655}}