{"nipple": {"x": 913.510575, "y": 1572.519035}}