{"nipple": {"x": 573.03318, "y": 1461.684155}}