{"nipple": {"x": 2074.17036, "y": 1640.557695}}