{"nipple": {"x": 1852.8949699999998, "y": 1430.438225}}