{"nipple": {"x": 1068.448955, "y": 1822.66118}}