{"nipple": {"x": 766.245685, "y": 1844.67368}}