{"nipple": {"x": 906.32532, "y": 1888.69876}}