{"nipple": {"x": 1788.0076800000002, "y": 1696.58958}}