{"nipple": {"x": 2039.006865, "y": 1600.3466150000002}}