{"nipple": {"x": 1876.908605, "y": 1868.687355}}