{"nipple": {"x": 1041.67473, "y": 1516.06867}}