{"nipple": {"x": 540.117105, "y": 1778.63614}}