{"nipple": {"x": 561.310305, "y": 1428.43707}}