{"nipple": {"x": 2066.13797, "y": 1679.4790050000001}}