{"nipple": {"x": 581.321675, "y": 1640.557655}}