{"nipple": {"x": 714.24758, "y": 1968.744375}}