{"nipple": {"x": 1948.5697850000001, "y": 1944.00734}}