{"nipple": {"x": 657.36491, "y": 1796.646425}}