{"nipple": {"x": 1070.491635, "y": 1415.297355}}