{"nipple": {"x": 876.70874, "y": 1772.632755}}