{"nipple": {"x": 760.298975, "y": 1539.140345}}