{"nipple": {"x": 1936.94275, "y": 1420.4325199999998}}