{"nipple": {"x": 1180.51271, "y": 1782.63843}}