{"nipple": {"x": 2063.38344, "y": 1850.67713}}