{"nipple": {"x": 829.46276, "y": 1924.7191500000001}}