{"nipple": {"x": 907.5071150000001, "y": 1790.6430099999998}}