{"nipple": {"x": 648.21001, "y": 1686.583885}}