{"nipple": {"x": 2104.5736349999997, "y": 1577.7373650000002}}