{"nipple": {"x": 980.767925, "y": 2220.887545}}