{"nipple": {"x": 766.277195, "y": 1460.4552549999999}}