{"nipple": {"x": 2017.3571849999998, "y": 1730.6088799999998}}