{"nipple": {"x": 1730.825505, "y": 1778.636135}}