{"nipple": {"x": 1114.47514, "y": 1820.66002}}