{"nipple": {"x": 1868.9040149999998, "y": 1804.650895}}