{"nipple": {"x": 1926.08617, "y": 1498.476895}}