{"nipple": {"x": 670.2225699999999, "y": 1616.5440199999998}}