{"nipple": {"x": 739.411575, "y": 1540.5007799999998}}