{"nipple": {"x": 729.1605950000001, "y": 1749.567695}}