{"nipple": {"x": 834.3158549999999, "y": 1510.483745}}