{"nipple": {"x": 604.998975, "y": 1279.33601}}