{"nipple": {"x": 2036.7458749999998, "y": 1695.305485}}