{"nipple": {"x": 692.985785, "y": 1428.516275}}