{"nipple": {"x": 2119.04627, "y": 1880.69415}}