{"nipple": {"x": 598.18161, "y": 1608.539465}}