{"nipple": {"x": 1976.933975, "y": 1634.55427}}