{"nipple": {"x": 965.5401099999999, "y": 1802.6497849999998}}