{"nipple": {"x": 2060.845685, "y": 1729.219365}}