{"nipple": {"x": 998.2107450000001, "y": 1604.868465}}