{"nipple": {"x": 2036.745875, "y": 1503.12682}}