{"nipple": {"x": 2044.153305, "y": 1544.5029949999998}}