{"nipple": {"x": 1686.302555, "y": 1677.2180750000002}}