{"nipple": {"x": 722.377815, "y": 1629.738645}}