{"nipple": {"x": 653.36267, "y": 1932.723775}}