{"nipple": {"x": 1003.561725, "y": 1620.546265}}