{"nipple": {"x": 1819.24457, "y": 1870.688535}}