{"nipple": {"x": 1049.43744, "y": 1734.9416150000002}}