{"nipple": {"x": 1950.9595199999999, "y": 2005.05227}}