{"nipple": {"x": 840.319275, "y": 1214.3153300000001}}