{"nipple": {"x": 638.2043450000001, "y": 1410.426845}}