{"nipple": {"x": 918.82979, "y": 1386.50556}}