{"nipple": {"x": 884.344335, "y": 1942.729395}}