{"nipple": {"x": 1239.652215, "y": 1421.9541649999999}}