{"nipple": {"x": 919.5139650000001, "y": 1634.554195}}