{"nipple": {"x": 930.370455, "y": 1932.723735}}