{"nipple": {"x": 1069.599255, "y": 1766.62936}}