{"nipple": {"x": 875.48892, "y": 1868.687375}}