{"nipple": {"x": 1451.1833100000001, "y": 1412.098235}}