{"nipple": {"x": 692.985785, "y": 1699.827335}}