{"nipple": {"x": 1099.6163000000001, "y": 1906.7089250000001}}