{"nipple": {"x": 860.699635, "y": 1706.5951949999999}}