{"nipple": {"x": 984.401205, "y": 1594.53146}}