{"nipple": {"x": 895.500285, "y": 1692.58725}}