{"nipple": {"x": 576.169115, "y": 1830.66576}}