{"nipple": {"x": 668.2214299999999, "y": 1444.4462199999998}}