{"nipple": {"x": 2006.98245, "y": 1638.55656}}