{"nipple": {"x": 979.5480650000001, "y": 1690.586115}}