{"nipple": {"x": 2142.24902, "y": 1544.49881}}