{"nipple": {"x": 2159.06911, "y": 1754.622555}}