{"nipple": {"x": 564.16228, "y": 1802.64981}}