{"nipple": {"x": 1896.919955, "y": 1468.4598299999998}}