{"nipple": {"x": 820.3078849999999, "y": 1612.54169}}