{"nipple": {"x": 1695.174055, "y": 1606.538305}}