{"nipple": {"x": 2020.99051, "y": 1646.5610700000002}}