{"nipple": {"x": 1842.0383649999999, "y": 1668.57356}}