{"nipple": {"x": 1656.78346, "y": 1560.5122000000001}}