{"nipple": {"x": 2024.141965, "y": 1888.6987000000001}}