{"nipple": {"x": 1870.503645, "y": 1583.94128}}