{"nipple": {"x": 1024.423945, "y": 1582.5246900000002}}