{"nipple": {"x": 587.4290599999999, "y": 1348.11645}}