{"nipple": {"x": 1918.08167, "y": 1362.399565}}