{"nipple": {"x": 1215.682335, "y": 1542.50181}}