{"nipple": {"x": 709.58273, "y": 1505.387745}}