{"nipple": {"x": 2170.225005, "y": 1738.6134399999999}}