{"nipple": {"x": 1433.022365, "y": 1476.170115}}