{"nipple": {"x": 1912.395035, "y": 1482.778485}}