{"nipple": {"x": 1792.0099349999998, "y": 1286.356325}}