{"nipple": {"x": 1950.099855, "y": 1698.590575}}