{"nipple": {"x": 1152.496745, "y": 1772.6327600000002}}