{"nipple": {"x": 2050.15672, "y": 2146.845455}}