{"nipple": {"x": 1028.3731500000001, "y": 1968.8775249999999}}