{"nipple": {"x": 790.659835, "y": 1892.700965}}