{"nipple": {"x": 645.358045, "y": 1868.68737}}