{"nipple": {"x": 2087.028085, "y": 1570.517815}}