{"nipple": {"x": 808.292985, "y": 1629.73865}}