{"nipple": {"x": 2160.32634, "y": 1498.60497}}