{"nipple": {"x": 916.81741, "y": 1749.567695}}