{"nipple": {"x": 886.543985, "y": 1388.105075}}