{"nipple": {"x": 840.319275, "y": 1890.699885}}