{"nipple": {"x": 1040.100265, "y": 1391.304215}}