{"nipple": {"x": 958.345245, "y": 1441.833355}}