{"nipple": {"x": 1572.735665, "y": 1640.557625}}