{"nipple": {"x": 910.35906, "y": 1704.594065}}