{"nipple": {"x": 941.52648, "y": 1578.522385}}