{"nipple": {"x": 663.368355, "y": 1602.5360699999999}}