{"nipple": {"x": 1542.71856, "y": 1558.511045}}