{"nipple": {"x": 960.152445, "y": 1566.5300049999998}}