{"nipple": {"x": 707.32177, "y": 1288.338905}}