{"nipple": {"x": 1788.858575, "y": 1666.5725000000002}}