{"nipple": {"x": 1655.932655, "y": 1516.48713}}