{"nipple": {"x": 1743.98267, "y": 1740.6145600000002}}