{"nipple": {"x": 2133.054185, "y": 1724.605435}}