{"nipple": {"x": 696.2373749999999, "y": 2000.762425}}