{"nipple": {"x": 982.81158, "y": 1154.571515}}