{"nipple": {"x": 1307.134455, "y": 1414.725405}}