{"nipple": {"x": 759.3230599999999, "y": 2109.0547149999998}}