{"nipple": {"x": 634.20209, "y": 1892.7010149999999}}