{"nipple": {"x": 790.659845, "y": 1772.6327600000002}}