{"nipple": {"x": 777.77494, "y": 1754.400845}}