{"nipple": {"x": 1049.697555, "y": 1405.70012}}