{"nipple": {"x": 1973.4399600000002, "y": 1722.436585}}