{"nipple": {"x": 821.458225, "y": 1718.6020350000001}}