{"nipple": {"x": 1071.60043, "y": 1418.431365}}