{"nipple": {"x": 961.6974650000001, "y": 1608.842295}}