{"nipple": {"x": 1956.10334, "y": 1534.4973400000001}}