{"nipple": {"x": 1119.185825, "y": 964.7330949999999}}