{"nipple": {"x": 736.260135, "y": 1558.511035}}