{"nipple": {"x": 637.9345400000001, "y": 1263.3405750000002}}