{"nipple": {"x": 855.7724149999999, "y": 1745.045845}}