{"nipple": {"x": 1037.87477, "y": 1495.1058150000001}}