{"nipple": {"x": 1850.8622050000001, "y": 1574.5201100000002}}