{"nipple": {"x": 1251.702815, "y": 1624.5485449999999}}