{"nipple": {"x": 712.246475, "y": 1870.6884949999999}}