{"nipple": {"x": 1145.64516, "y": 1474.48051}}