{"nipple": {"x": 2059.35513, "y": 1509.909595}}