{"nipple": {"x": 656.81098, "y": 1602.60754}}