{"nipple": {"x": 616.1918499999999, "y": 2104.82164}}