{"nipple": {"x": 1818.875575, "y": 1608.53943}}