{"nipple": {"x": 2228.2580000000003, "y": 1784.6395400000001}}