{"nipple": {"x": 1273.633855, "y": 1756.00038}}