{"nipple": {"x": 1812.58528, "y": 1622.08171}}