{"nipple": {"x": 1843.61075, "y": 2003.44064}}