{"nipple": {"x": 1136.1272350000002, "y": 1824.17823}}