{"nipple": {"x": 796.29427, "y": 1524.49169}}