{"nipple": {"x": 756.30084, "y": 1568.8536550000001}}