{"nipple": {"x": 1950.060275, "y": 1347.122965}}