{"nipple": {"x": 1037.41685, "y": 1986.96487}}