{"nipple": {"x": 1658.7845900000002, "y": 1878.69306}}