{"nipple": {"x": 1128.48309, "y": 1620.54626}}