{"nipple": {"x": 635.3524249999999, "y": 1774.6338600000001}}