{"nipple": {"x": 761.424095, "y": 1406.4245500000002}}