{"nipple": {"x": 1180.51271, "y": 1728.607705}}