{"nipple": {"x": 981.5491999999999, "y": 1652.5644599999998}}