{"nipple": {"x": 1914.930205, "y": 1580.523555}}