{"nipple": {"x": 877.490055, "y": 1590.529225}}