{"nipple": {"x": 1057.592465, "y": 1828.6645649999998}}