{"nipple": {"x": 768.647305, "y": 1598.533745}}