{"nipple": {"x": 1886.75442, "y": 1684.0008500000001}}