{"nipple": {"x": 908.3579599999999, "y": 1950.7339749999999}}