{"nipple": {"x": 2002.9802750000001, "y": 1676.578105}}