{"nipple": {"x": 1734.827795, "y": 1796.646385}}