{"nipple": {"x": 1169.656205, "y": 1186.299455}}