{"nipple": {"x": 2237.113285, "y": 1672.575865}}