{"nipple": {"x": 1960.105555, "y": 1468.4597800000001}}