{"nipple": {"x": 2061.616115, "y": 1442.081835}}