{"nipple": {"x": 850.32495, "y": 1866.68621}}