{"nipple": {"x": 1926.08619, "y": 1496.47576}}