{"nipple": {"x": 1024.423925, "y": 1812.655525}}