{"nipple": {"x": 2279.1372499999998, "y": 1698.59069}}