{"nipple": {"x": 2212.248795, "y": 1562.513295}}