{"nipple": {"x": 1796.8630699999999, "y": 1642.5587600000001}}