{"nipple": {"x": 925.51735, "y": 1890.699875}}