{"nipple": {"x": 1084.89629, "y": 1654.6088300000001}}