{"nipple": {"x": 1771.9985900000001, "y": 1696.5895249999999}}