{"nipple": {"x": 1922.9292349999998, "y": 1661.3916000000002}}