{"nipple": {"x": 684.230525, "y": 1864.685045}}