{"nipple": {"x": 1259.2379250000001, "y": 1591.247255}}