{"nipple": {"x": 1257.9333550000001, "y": 1120.98105}}