{"nipple": {"x": 705.060875, "y": 1756.35047}}