{"nipple": {"x": 1173.401795, "y": 1600.8667249999999}}