{"nipple": {"x": 916.3625049999999, "y": 1746.61795}}