{"nipple": {"x": 711.84365, "y": 1803.829905}}