{"nipple": {"x": 1883.33695, "y": 1523.4751449999999}}