{"nipple": {"x": 574.603345, "y": 1172.5608049999998}}