{"nipple": {"x": 1824.879005, "y": 1474.46323}}