{"nipple": {"x": 622.1952650000001, "y": 2002.76353}}