{"nipple": {"x": 595.8135199999999, "y": 1580.23438}}