{"nipple": {"x": 1744.83354, "y": 1156.282385}}