{"nipple": {"x": 890.456735, "y": 1742.78492}}