{"nipple": {"x": 978.63279, "y": 1577.737355}}