{"nipple": {"x": 2036.968095, "y": 1392.4165600000001}}