{"nipple": {"x": 1944.3820050000002, "y": 1647.8260500000001}}