{"nipple": {"x": 1942.946175, "y": 1506.481465}}