{"nipple": {"x": 919.51397, "y": 1950.733935}}