{"nipple": {"x": 1041.376045, "y": 1737.62875}}