{"nipple": {"x": 734.2589800000001, "y": 1732.6099649999999}}