{"nipple": {"x": 791.490825, "y": 1581.6500350000001}}