{"nipple": {"x": 1929.307135, "y": 1378.4086499999999}}