{"nipple": {"x": 1770.8482749999998, "y": 1844.67375}}