{"nipple": {"x": 1888.064605, "y": 1582.524715}}