{"nipple": {"x": 2006.98247, "y": 1746.617955}}