{"nipple": {"x": 2126.199995, "y": 1292.3596599999998}}