{"nipple": {"x": 1921.3025400000001, "y": 1588.528035}}