{"nipple": {"x": 1910.927955, "y": 1678.5793199999998}}