{"nipple": {"x": 849.474125, "y": 1846.67486}}