{"nipple": {"x": 2180.6747349999996, "y": 1684.00086}}