{"nipple": {"x": 1953.0917000000002, "y": 1679.4790050000001}}