{"nipple": {"x": 729.405845, "y": 1726.6065600000002}}