{"nipple": {"x": 2062.163515, "y": 1836.6691449999998}}