{"nipple": {"x": 1828.030415, "y": 1680.58041}}