{"nipple": {"x": 697.50764, "y": 1672.69623}}