{"nipple": {"x": 1549.28813, "y": 1423.06527}}