{"nipple": {"x": 1109.80028, "y": 1415.297325}}