{"nipple": {"x": 1902.43639, "y": 1962.7125600000002}}