{"nipple": {"x": 1542.718555, "y": 1470.460975}}