{"nipple": {"x": 1926.086225, "y": 1466.45865}}