{"nipple": {"x": 1323.399185, "y": 1234.0055849999999}}