{"nipple": {"x": 643.35696, "y": 1644.5598850000001}}