{"nipple": {"x": 1077.77794, "y": 1451.040975}}