{"nipple": {"x": 720.25101, "y": 1546.50421}}