{"nipple": {"x": 1256.3472250000002, "y": 1812.8687200000002}}