{"nipple": {"x": 2105.03834, "y": 1578.52234}}