{"nipple": {"x": 1595.898465, "y": 1934.724925}}