{"nipple": {"x": 848.3238349999999, "y": 1680.5804249999999}}