{"nipple": {"x": 716.24875, "y": 1588.5280149999999}}