{"nipple": {"x": 1972.66959, "y": 1573.21551}}