{"nipple": {"x": 811.452545, "y": 1808.653205}}