{"nipple": {"x": 1628.7674749999999, "y": 1710.59752}}