{"nipple": {"x": 1754.1302500000002, "y": 1351.644815}}