{"nipple": {"x": 776.282865, "y": 1992.7579199999998}}