{"nipple": {"x": 785.43774, "y": 1668.573595}}