{"nipple": {"x": 1776.000885, "y": 1322.376805}}