{"nipple": {"x": 742.2319950000001, "y": 1790.642965}}