{"nipple": {"x": 1015.4271249999999, "y": 1424.89461}}