{"nipple": {"x": 1030.427345, "y": 2060.79663}}