{"nipple": {"x": 819.1909949999999, "y": 1165.332075}}