{"nipple": {"x": 830.3135749999999, "y": 1628.55079}}