{"nipple": {"x": 1072.45125, "y": 1500.47807}}