{"nipple": {"x": 1936.0918749999998, "y": 1804.650975}}