{"nipple": {"x": 995.55714, "y": 1684.582655}}