{"nipple": {"x": 1138.4887649999998, "y": 1736.612275}}