{"nipple": {"x": 1853.9449299999999, "y": 1643.304195}}