{"nipple": {"x": 703.2239500000001, "y": 1425.10168}}