{"nipple": {"x": 2004.9813250000002, "y": 1400.4211699999998}}