{"nipple": {"x": 1012.22807, "y": 1863.16991}}