{"nipple": {"x": 877.4900499999999, "y": 1730.60887}}