{"nipple": {"x": 964.758795, "y": 1370.404095}}