{"nipple": {"x": 1792.565985, "y": 2088.706455}}