{"nipple": {"x": 998.981125, "y": 1907.8324750000002}}