{"nipple": {"x": 2079.023525, "y": 1844.6737600000001}}