{"nipple": {"x": 932.371615, "y": 1340.3870650000001}}