{"nipple": {"x": 898.3522449999999, "y": 1754.622495}}