{"nipple": {"x": 2068.39883, "y": 1629.73864}}