{"nipple": {"x": 1771.998595, "y": 1528.4939100000001}}