{"nipple": {"x": 2045.0191399999999, "y": 1523.475155}}