{"nipple": {"x": 700.87294, "y": 1480.517565}}