{"nipple": {"x": 749.508925, "y": 1421.7335050000002}}