{"nipple": {"x": 890.3477250000001, "y": 1470.46109}}