{"nipple": {"x": 883.67396, "y": 1641.043275}}