{"nipple": {"x": 1987.005575, "y": 1448.8646050000002}}