{"nipple": {"x": 870.1084000000001, "y": 1674.95716}}