{"nipple": {"x": 1914.93023, "y": 1832.66691}}