{"nipple": {"x": 1925.960585, "y": 1982.44302}}