{"nipple": {"x": 913.0562600000001, "y": 1528.86501}}