{"nipple": {"x": 823.354445, "y": 2060.460065}}