{"nipple": {"x": 1994.1248050000002, "y": 1690.586085}}