{"nipple": {"x": 2046.154425, "y": 1800.64869}}