{"nipple": {"x": 1256.33376, "y": 1397.70236}}