{"nipple": {"x": 1808.3924650000001, "y": 1767.655095}}