{"nipple": {"x": 807.45025, "y": 1914.713495}}