{"nipple": {"x": 1680.797075, "y": 2142.843185}}