{"nipple": {"x": 2116.194345, "y": 1330.38129}}