{"nipple": {"x": 2144.21011, "y": 1624.548525}}