{"nipple": {"x": 667.3706050000001, "y": 1694.5883700000002}}