{"nipple": {"x": 1250.55251, "y": 1226.322155}}