{"nipple": {"x": 714.373515, "y": 1553.879615}}