{"nipple": {"x": 1185.665255, "y": 1638.55655}}