{"nipple": {"x": 910.327565, "y": 1624.548585}}