{"nipple": {"x": 1896.069125, "y": 2108.823895}}