{"nipple": {"x": 2191.456095, "y": 1694.5883649999998}}