{"nipple": {"x": 1762.84376, "y": 1522.4905899999999}}