{"nipple": {"x": 849.474125, "y": 1604.5371949999999}}