{"nipple": {"x": 1996.0492100000001, "y": 1304.16538}}