{"nipple": {"x": 1743.982665, "y": 1572.5190300000002}}