{"nipple": {"x": 871.486645, "y": 1680.58039}}