{"nipple": {"x": 758.272625, "y": 1836.669175}}