{"nipple": {"x": 1891.27627, "y": 1448.86461}}