{"nipple": {"x": 630.19985, "y": 1804.650915}}