{"nipple": {"x": 2016.397545, "y": 1772.17695}}