{"nipple": {"x": 1904.07364, "y": 1482.467805}}