{"nipple": {"x": 1343.33381, "y": 1506.4714099999999}}