{"nipple": {"x": 783.4931349999999, "y": 1298.53056}}