{"nipple": {"x": 1044.199635, "y": 1851.30934}}