{"nipple": {"x": 1946.09754, "y": 1410.4268100000002}}