{"nipple": {"x": 989.9374200000001, "y": 1828.70009}}