{"nipple": {"x": 2115.0441499999997, "y": 2028.778355}}