{"nipple": {"x": 928.369335, "y": 2218.8864200000003}}