{"nipple": {"x": 1456.6380900000001, "y": 1920.71693}}