{"nipple": {"x": 1050.43876, "y": 1818.658915}}