{"nipple": {"x": 1014.4182450000001, "y": 2038.78402}}