{"nipple": {"x": 963.132395, "y": 1496.3758699999998}}