{"nipple": {"x": 713.0594249999999, "y": 1738.613435}}