{"nipple": {"x": 1389.649625, "y": 1329.787055}}