{"nipple": {"x": 742.26353, "y": 1852.67822}}