{"nipple": {"x": 1896.06915, "y": 1742.6156799999999}}