{"nipple": {"x": 747.383555, "y": 1234.54878}}