{"nipple": {"x": 1922.9347899999998, "y": 1730.60887}}