{"nipple": {"x": 775.43206, "y": 1748.6190900000001}}