{"nipple": {"x": 601.82498, "y": 1202.55782}}