{"nipple": {"x": 949.240765, "y": 1462.43016}}