{"nipple": {"x": 570.165675, "y": 1614.54285}}