{"nipple": {"x": 1111.399815, "y": 1372.109665}}