{"nipple": {"x": 1932.089605, "y": 1486.470045}}