{"nipple": {"x": 750.268075, "y": 1966.74308}}