{"nipple": {"x": 1953.3208650000001, "y": 1372.4051749999999}}