{"nipple": {"x": 1034.38556, "y": 1618.434015}}