{"nipple": {"x": 878.34088, "y": 1900.70557}}