{"nipple": {"x": 808.347795, "y": 1120.152095}}