{"nipple": {"x": 706.2430449999999, "y": 1716.600945}}