{"nipple": {"x": 959.536685, "y": 1458.454105}}