{"nipple": {"x": 638.204355, "y": 1586.527035}}