{"nipple": {"x": 1601.901875, "y": 1466.458725}}