{"nipple": {"x": 2159.0689549999997, "y": 1438.442785}}