{"nipple": {"x": 735.9433700000001, "y": 1663.652525}}