{"nipple": {"x": 488.08753, "y": 1826.66343}}