{"nipple": {"x": 1291.228845, "y": 1309.727345}}