{"nipple": {"x": 1995.2788449999998, "y": 1591.3029150000002}}