{"nipple": {"x": 1328.01836, "y": 1624.837755}}