{"nipple": {"x": 2082.99424, "y": 1508.4825700000001}}