{"nipple": {"x": 1986.9711200000002, "y": 1658.567925}}