{"nipple": {"x": 588.1759099999999, "y": 1564.51441}}