{"nipple": {"x": 1286.573015, "y": 1958.73857}}