{"nipple": {"x": 888.1958099999999, "y": 1810.61268}}