{"nipple": {"x": 2136.2266600000003, "y": 1589.04199}}