{"nipple": {"x": 987.55262, "y": 1680.580435}}