{"nipple": {"x": 1936.091835, "y": 1904.707795}}