{"nipple": {"x": 2323.1623250000002, "y": 1616.5439800000001}}