{"nipple": {"x": 1815.2423000000001, "y": 1736.612245}}