{"nipple": {"x": 950.500485, "y": 1441.833335}}