{"nipple": {"x": 323.50415, "y": 1415.297345}}