{"nipple": {"x": 708.314495, "y": 1527.26549}}