{"nipple": {"x": 567.554565, "y": 1178.5646550000001}}