{"nipple": {"x": 1732.82662, "y": 1658.567895}}