{"nipple": {"x": 1982.48367, "y": 1462.4301600000001}}