{"nipple": {"x": 1048.80655, "y": 1424.434775}}