{"nipple": {"x": 1946.9484599999998, "y": 1548.5053400000002}}