{"nipple": {"x": 1272.564975, "y": 1600.534925}}