{"nipple": {"x": 1823.905655, "y": 1569.68641}}