{"nipple": {"x": 2113.7460899999996, "y": 1702.08826}}