{"nipple": {"x": 1949.629425, "y": 1528.031855}}