{"nipple": {"x": 800.29651, "y": 1542.50194}}