{"nipple": {"x": 866.334045, "y": 1654.565655}}