{"nipple": {"x": 1688.563475, "y": 1892.005995}}