{"nipple": {"x": 993.5560250000001, "y": 1878.69306}}