{"nipple": {"x": 2116.1943300000003, "y": 1648.562195}}