{"nipple": {"x": 1988.972235, "y": 1432.4393400000001}}