{"nipple": {"x": 2030.996155, "y": 1216.31645}}