{"nipple": {"x": 1068.584335, "y": 1196.054455}}