{"nipple": {"x": 2012.135205, "y": 1508.48252}}