{"nipple": {"x": 983.4361299999999, "y": 1452.0869100000002}}