{"nipple": {"x": 1622.7641350000001, "y": 1682.5815499999999}}