{"nipple": {"x": 1803.10019, "y": 1568.693655}}