{"nipple": {"x": 2199.09166, "y": 1796.646425}}