{"nipple": {"x": 624.196405, "y": 1878.693025}}