{"nipple": {"x": 1022.42281, "y": 1420.43253}}