{"nipple": {"x": 732.29891, "y": 2003.440635}}