{"nipple": {"x": 2149.0217749999997, "y": 1647.8260500000001}}