{"nipple": {"x": 1858.04751, "y": 1742.615665}}