{"nipple": {"x": 1409.6991549999998, "y": 1853.570265}}