{"nipple": {"x": 2176.9232500000003, "y": 1878.44044}}