{"nipple": {"x": 2096.182885, "y": 1324.37788}}