{"nipple": {"x": 1726.823265, "y": 1764.6281700000002}}