{"nipple": {"x": 587.32512, "y": 1766.629335}}