{"nipple": {"x": 1832.88359, "y": 1646.56105}}