{"nipple": {"x": 974.11094, "y": 2086.44565}}