{"nipple": {"x": 756.2715049999999, "y": 1338.385865}}