{"nipple": {"x": 982.40005, "y": 1740.6145700000002}}