{"nipple": {"x": 2192.23756, "y": 1792.644115}}