{"nipple": {"x": 1927.4510149999999, "y": 1717.91474}}