{"nipple": {"x": 882.71215, "y": 1946.73176}}