{"nipple": {"x": 946.02208, "y": 1552.8582000000001}}