{"nipple": {"x": 1104.082105, "y": 1256.942355}}