{"nipple": {"x": 602.183905, "y": 2106.822725}}