{"nipple": {"x": 742.2635399999999, "y": 1700.5917000000002}}