{"nipple": {"x": 1910.927975, "y": 1402.422315}}