{"nipple": {"x": 1329.087865, "y": 1084.008135}}