{"nipple": {"x": 1059.589745, "y": 1356.11417}}