{"nipple": {"x": 739.41158, "y": 1526.49279}}