{"nipple": {"x": 712.24646, "y": 1572.5189400000002}}