{"nipple": {"x": 1617.910985, "y": 1604.537225}}