{"nipple": {"x": 690.72486, "y": 1989.225785}}