{"nipple": {"x": 2072.920745, "y": 1749.567695}}