{"nipple": {"x": 1351.9864249999998, "y": 1562.4554750000002}}