{"nipple": {"x": 1172.3020450000001, "y": 1835.482865}}