{"nipple": {"x": 830.3135950000001, "y": 1970.745415}}