{"nipple": {"x": 601.3330599999999, "y": 1482.4678199999998}}