{"nipple": {"x": 1308.1438500000002, "y": 1554.4577749999999}}