{"nipple": {"x": 1836.034985, "y": 1816.65782}}