{"nipple": {"x": 1690.8028199999999, "y": 1474.463265}}