{"nipple": {"x": 970.015225, "y": 1644.032305}}