{"nipple": {"x": 2015.627175, "y": 1742.784915}}