{"nipple": {"x": 1634.77088, "y": 2066.80005}}