{"nipple": {"x": 862.3317649999999, "y": 1554.50873}}