{"nipple": {"x": 974.39545, "y": 1894.702125}}