{"nipple": {"x": 2051.00763, "y": 1638.55649}}