{"nipple": {"x": 2085.715865, "y": 1256.68595}}