{"nipple": {"x": 1153.667965, "y": 1407.299675}}