{"nipple": {"x": 751.41842, "y": 2066.799955}}