{"nipple": {"x": 885.52191, "y": 1990.21997}}