{"nipple": {"x": 563.311445, "y": 1438.442755}}