{"nipple": {"x": 1975.70088, "y": 1833.22194}}