{"nipple": {"x": 1779.22182, "y": 1640.5576600000002}}