{"nipple": {"x": 518.136095, "y": 1634.554235}}