{"nipple": {"x": 775.432045, "y": 1634.554235}}