{"nipple": {"x": 1547.161105, "y": 1573.759185}}