{"nipple": {"x": 633.351285, "y": 1734.61116}}