{"nipple": {"x": 681.3785849999999, "y": 1724.605465}}