{"nipple": {"x": 2118.195355, "y": 1316.373395}}