{"nipple": {"x": 1803.870615, "y": 1745.045845}}