{"nipple": {"x": 944.3784449999999, "y": 1480.46665}}