{"nipple": {"x": 1932.7432999999999, "y": 1819.65638}}