{"nipple": {"x": 738.974725, "y": 1530.25793}}