{"nipple": {"x": 451.066775, "y": 1412.6897999999999}}