{"nipple": {"x": 1970.1112400000002, "y": 1600.534885}}