{"nipple": {"x": 826.311335, "y": 1704.594095}}