{"nipple": {"x": 968.3920949999999, "y": 1908.71007}}