{"nipple": {"x": 2228.924605, "y": 1570.9545799999999}}