{"nipple": {"x": 2093.031385, "y": 1574.520125}}