{"nipple": {"x": 807.450235, "y": 1756.62361}}