{"nipple": {"x": 1142.8600900000001, "y": 1874.69079}}