{"nipple": {"x": 1728.82439, "y": 1702.592935}}