{"nipple": {"x": 2177.052005, "y": 1267.9905749999998}}