{"nipple": {"x": 1827.2491300000002, "y": 1686.583845}}