{"nipple": {"x": 2071.01898, "y": 1900.705535}}