{"nipple": {"x": 524.18682, "y": 1925.919875}}