{"nipple": {"x": 969.040295, "y": 1588.048215}}