{"nipple": {"x": 644.01589, "y": 1819.656385}}