{"nipple": {"x": 1937.311675, "y": 1804.6509600000002}}