{"nipple": {"x": 1277.75253, "y": 1328.9219150000001}}