{"nipple": {"x": 1205.931355, "y": 1532.1932049999998}}