{"nipple": {"x": 953.0448650000001, "y": 1368.910595}}