{"nipple": {"x": 646.20894, "y": 1676.578125}}