{"nipple": {"x": 579.320575, "y": 2166.85684}}