{"nipple": {"x": 1771.998635, "y": 1714.599755}}