{"nipple": {"x": 1766.846065, "y": 1612.54169}}