{"nipple": {"x": 709.916645, "y": 2077.40194}}