{"nipple": {"x": 1314.542015, "y": 1352.9151350000002}}