{"nipple": {"x": 1952.951835, "y": 1396.418915}}