{"nipple": {"x": 1081.983405, "y": 1458.48506}}