{"nipple": {"x": 2002.831995, "y": 1446.603685}}