{"nipple": {"x": 894.978585, "y": 1654.608825}}