{"nipple": {"x": 1745.086555, "y": 1810.61268}}