{"nipple": {"x": 969.1884349999999, "y": 1271.956725}}