{"nipple": {"x": 1946.30892, "y": 1654.608825}}