{"nipple": {"x": 856.671595, "y": 1817.3954549999999}}