{"nipple": {"x": 819.4570650000001, "y": 1692.5872800000002}}