{"nipple": {"x": 942.74631, "y": 1736.61224}}