{"nipple": {"x": 519.28642, "y": 1794.6452599999998}}