{"nipple": {"x": 909.5082649999999, "y": 1748.619075}}