{"nipple": {"x": 951.53219, "y": 1998.761285}}