{"nipple": {"x": 679.377415, "y": 1740.614535}}