{"nipple": {"x": 841.4695800000001, "y": 1994.759005}}