{"nipple": {"x": 1023.080925, "y": 2102.27206}}