{"nipple": {"x": 1452.782865, "y": 1484.077725}}