{"nipple": {"x": 1957.32301, "y": 1610.5405600000001}}