{"nipple": {"x": 980.367395, "y": 1398.42003}}