{"nipple": {"x": 1959.8744000000002, "y": 1618.43402}}