{"nipple": {"x": 828.3124449999999, "y": 1990.7568899999999}}