{"nipple": {"x": 947.52987, "y": 1716.600935}}