{"nipple": {"x": 734.58721, "y": 1461.684145}}