{"nipple": {"x": 1696.8062300000001, "y": 1710.597525}}