{"nipple": {"x": 1028.209995, "y": 1805.080125}}