{"nipple": {"x": 1908.075975, "y": 1874.690735}}