{"nipple": {"x": 1110.149845, "y": 1532.1931949999998}}