{"nipple": {"x": 2129.051895, "y": 1498.4768800000002}}