{"nipple": {"x": 1858.8983349999999, "y": 1514.485995}}