{"nipple": {"x": 937.9361399999999, "y": 1650.086975}}