{"nipple": {"x": 1416.91292, "y": 1029.806985}}