{"nipple": {"x": 1928.13222, "y": 2022.465575}}