{"nipple": {"x": 1041.58338, "y": 1586.526975}}