{"nipple": {"x": 724.2532699999999, "y": 1680.580405}}