{"nipple": {"x": 669.3717399999999, "y": 1606.53827}}