{"nipple": {"x": 812.3033449999999, "y": 1782.63838}}