{"nipple": {"x": 947.5299249999999, "y": 1704.594075}}