{"nipple": {"x": 798.29538, "y": 1766.629305}}