{"nipple": {"x": 784.287465, "y": 1786.64069}}