{"nipple": {"x": 2061.013245, "y": 1620.54628}}