{"nipple": {"x": 641.7549449999999, "y": 1448.86461}}