{"nipple": {"x": 1255.916945, "y": 1340.63033}}