{"nipple": {"x": 1491.7323450000001, "y": 1274.407655}}