{"nipple": {"x": 579.93953, "y": 1706.61011}}