{"nipple": {"x": 1791.228595, "y": 1938.727185}}