{"nipple": {"x": 1747.98496, "y": 2002.763625}}