{"nipple": {"x": 2174.22715, "y": 1718.6020350000001}}