{"nipple": {"x": 880.342045, "y": 1692.58726}}