{"nipple": {"x": 2023.180385, "y": 1575.47643}}