{"nipple": {"x": 607.33648, "y": 1504.48027}}