{"nipple": {"x": 627.41895, "y": 1417.2116500000002}}