{"nipple": {"x": 1893.537205, "y": 1684.00086}}