{"nipple": {"x": 1079.60407, "y": 1799.308055}}