{"nipple": {"x": 646.612225, "y": 1242.54649}}