{"nipple": {"x": 928.3693199999999, "y": 1652.5645000000002}}