{"nipple": {"x": 2199.53263, "y": 1627.477715}}