{"nipple": {"x": 771.4297399999999, "y": 1430.438195}}