{"nipple": {"x": 1954.58219, "y": 1867.135815}}