{"nipple": {"x": 813.88447, "y": 1479.279125}}