{"nipple": {"x": 1814.87327, "y": 1368.4029950000001}}