{"nipple": {"x": 899.5025899999999, "y": 1828.6645700000001}}