{"pectoral_line": {"x1": 1137.705927480671, "y1": 10, "x2": 2002, "y2": 1683.633028615075}, "nipple": {"x": 1008.10941, "y": 2037.520375}}