{"pectoral_line": {"x1": 511.72341771793816, "y1": 10, "x2": 10, "y2": 1233.9846073612036}, "nipple": {"x": 894.208155, "y": 1618.4340200000001}}