{"pectoral_line": {"x1": 2144.4679704174896, "y1": 10, "x2": 2790, "y2": 2002.325468088474}, "nipple": {"x": 1470.677645, "y": 2338.9546499999997}}