{"pectoral_line": {"x1": 942.2434327328472, "y1": 10, "x2": 10, "y2": 1854.6519575096127}, "nipple": {"x": 787.4388749999999, "y": 1850.677105}}