{"pectoral_line": {"x1": 2355.9972797242767, "y1": 10, "x2": 2790, "y2": 1788.3526602270092}, "nipple": {"x": 1992.9745149999999, "y": 2020.773835}}