{"pectoral_line": {"x1": 2293.253603516375, "y1": 10, "x2": 2790, "y2": 1796.2799963942175}, "nipple": {"x": 1898.92117, "y": 2030.77954}}