{"pectoral_line": {"x1": 2345.2941774770006, "y1": 10, "x2": 2790, "y2": 1947.211645121374}, "nipple": {"x": 1720.21643, "y": 1996.0085649999999}}