{"pectoral_line": {"x1": 2029.021126496397, "y1": 10, "x2": 2790, "y2": 1777.6280627611015}, "nipple": {"x": 1649.1478900000002, "y": 2437.01046}}