{"pectoral_line": {"x1": 851.9809813053866, "y1": 10, "x2": 10, "y2": 1641.7461229459075}, "nipple": {"x": 607.336475, "y": 2022.7749800000001}}