{"pectoral_line": {"x1": 1417.0565541509818, "y1": 10, "x2": 2002, "y2": 1620.4936372572902}, "nipple": {"x": 1256.3337450000001, "y": 1997.531735}}