{"pectoral_line": {"x1": 2055.804220513822, "y1": 10, "x2": 2790, "y2": 2085.6701187841536}, "nipple": {"x": 1933.07737, "y": 2041.22714}}