{"pectoral_line": {"x1": 2112.2908085140184, "y1": 10, "x2": 2790, "y2": 1805.9299925303844}, "nipple": {"x": 2093.26901, "y": 2097.750275}}