{"pectoral_line": {"x1": 1978.8766750342058, "y1": 10, "x2": 2790, "y2": 1762.026371117286}, "nipple": {"x": 1967.32871, "y": 1786.64069}}