{"pectoral_line": {"x1": 1706.9398557329464, "y1": 10, "x2": 2790, "y2": 1754.9302537863641}, "nipple": {"x": 2249.2728700000002, "y": 2093.22842}}