{"pectoral_line": {"x1": 821.9148941120554, "y1": 10, "x2": 10, "y2": 1715.021306137822}, "nipple": {"x": 780.082775, "y": 2217.5480350000003}}