{"pectoral_line": {"x1": 711.3178015266226, "y1": 10, "x2": 10, "y2": 1841.8001142043702}, "nipple": {"x": 662.489285, "y": 1751.0644200000002}}