{"pectoral_line": {"x1": 545.9136967411158, "y1": 10, "x2": 10, "y2": 1851.594227940731}, "nipple": {"x": 1037.581025, "y": 2138.84089}}