{"pectoral_line": {"x1": 1994.4123414285714, "y1": 10, "x2": 2790, "y2": 1402.2784024999999}, "nipple": {"x": 1857.266215, "y": 2048.789705}}