{"pectoral_line": {"x1": 592.43189614646, "y1": 10, "x2": 10, "y2": 1707.3729580478514}, "nipple": {"x": 920.3332300000001, "y": 2048.7897350000003}}