{"pectoral_line": {"x1": 1850.5254889497826, "y1": 10, "x2": 2790, "y2": 1816.6814803998552}, "nipple": {"x": 2014.98708, "y": 2084.810285}}