{"pectoral_line": {"x1": 2189.47480448158, "y1": 10, "x2": 2790, "y2": 2336.3595741637105}, "nipple": {"x": 1958.95518, "y": 2176.862575}}