{"pectoral_line": {"x1": 729.5803914249733, "y1": 10, "x2": 10, "y2": 1864.4890362255092}, "nipple": {"x": 1037.581095, "y": 2172.86029}}