{"pectoral_line": {"x1": 828.0595860072445, "y1": 10, "x2": 10, "y2": 1597.9980301124178}, "nipple": {"x": 823.45935, "y": 1758.62474}}