{"pectoral_line": {"x1": 2194.163144863468, "y1": 10, "x2": 2790, "y2": 1353.2459554937327}, "nipple": {"x": 1912.929075, "y": 1656.566725}}