{"pectoral_line": {"x1": 2121.6420207629553, "y1": 10, "x2": 2790, "y2": 1785.158770718122}, "nipple": {"x": 1959.87441, "y": 1984.7039450000002}}