{"pectoral_line": {"x1": 531.6213885890738, "y1": 10, "x2": 10, "y2": 1917.4978764681077}, "nipple": {"x": 947.529875, "y": 1986.75446}}