{"pectoral_line": {"x1": 2323.9398373625986, "y1": 10, "x2": 2790, "y2": 1544.4817406558261}, "nipple": {"x": 2024.992735, "y": 1846.674825}}