{"pectoral_line": {"x1": 516.7747980067314, "y1": 10, "x2": 10, "y2": 2829.746964111676}, "nipple": {"x": 1018.389035, "y": 2390.984405}}