{"pectoral_line": {"x1": 458.68701308238474, "y1": 10, "x2": 10, "y2": 1984.2228415023583}, "nipple": {"x": 737.142135, "y": 2070.29846}}