{"pectoral_line": {"x1": 2340.939283275953, "y1": 10, "x2": 2790, "y2": 1964.155278338199}, "nipple": {"x": 1696.80617, "y": 1968.744205}}