{"pectoral_line": {"x1": 2148.4061651907878, "y1": 10, "x2": 2790, "y2": 2335.7775541223555}, "nipple": {"x": 1662.7868449999999, "y": 2382.979645}}