{"pectoral_line": {"x1": 674.4976527358376, "y1": 10, "x2": 10, "y2": 1958.9502813451982}, "nipple": {"x": 775.2782900000001, "y": 2086.4455900000003}}