{"pectoral_line": {"x1": 814.0039876342292, "y1": 10, "x2": 10, "y2": 1399.2314650562453}, "nipple": {"x": 899.50258, "y": 1940.7283100000002}}