{"pectoral_line": {"x1": 649.0314914650761, "y1": 10, "x2": 10, "y2": 1660.1018495171043}, "nipple": {"x": 817.45592, "y": 2064.7988}}