{"pectoral_line": {"x1": 2037.346693391953, "y1": 10, "x2": 2790, "y2": 1724.6912926293094}, "nipple": {"x": 2077.0223, "y": 1834.6679900000001}}