{"pectoral_line": {"x1": 2018.0523128728378, "y1": 10, "x2": 2790, "y2": 1834.6036320888786}, "nipple": {"x": 1929.307085, "y": 2270.916015}}