{"pectoral_line": {"x1": 2063.660270408346, "y1": 10, "x2": 2790, "y2": 1808.3471740701168}, "nipple": {"x": 1854.896055, "y": 2096.81711}}