{"pectoral_line": {"x1": 765.0709366075102, "y1": 10, "x2": 10, "y2": 2005.544657366812}, "nipple": {"x": 1047.95111, "y": 2156.534275}}