{"pectoral_line": {"x1": 1109.2617381757225, "y1": 10, "x2": 2002, "y2": 1570.2443389385157}, "nipple": {"x": 1331.2174200000002, "y": 1805.5863100000001}}