{"pectoral_line": {"x1": 751.8213701528007, "y1": 10, "x2": 10, "y2": 2039.2799678458562}, "nipple": {"x": 695.38654, "y": 2206.87968}}