{"pectoral_line": {"x1": 620.5585840183348, "y1": 10, "x2": 10, "y2": 1558.0304391466543}, "nipple": {"x": 565.312585, "y": 1796.6463700000002}}