{"pectoral_line": {"x1": 558.701800522174, "y1": 10, "x2": 10, "y2": 1366.867257157243}, "nipple": {"x": 953.5332699999999, "y": 1942.729415}}