{"pectoral_line": {"x1": 646.4934656672199, "y1": 10, "x2": 10, "y2": 1989.1695593492536}, "nipple": {"x": 871.486645, "y": 2220.8876}}