{"pectoral_line": {"x1": 1349.9658692682915, "y1": 10, "x2": 2002, "y2": 1524.663144163052}, "nipple": {"x": 864.445265, "y": 2016.7262349999999}}