{"pectoral_line": {"x1": 1843.8408742632355, "y1": 10, "x2": 2790, "y2": 1954.0210640643759}, "nipple": {"x": 1944.947335, "y": 2481.03543}}