{"pectoral_line": {"x1": 758.37684329583, "y1": 10, "x2": 10, "y2": 1683.5357930213158}, "nipple": {"x": 747.416125, "y": 1734.611095}}