{"pectoral_line": {"x1": 574.0412244903581, "y1": 10, "x2": 10, "y2": 1661.1851975}, "nipple": {"x": 619.59619, "y": 1706.51248}}