{"pectoral_line": {"x1": 1915.1551286682595, "y1": 10, "x2": 2790, "y2": 1447.2451471533361}, "nipple": {"x": 2135.0553, "y": 1826.6634600000002}}