{"pectoral_line": {"x1": 722.2630405615223, "y1": 10, "x2": 10, "y2": 1851.132751528327}, "nipple": {"x": 733.60745, "y": 1907.72968}}