{"pectoral_line": {"x1": 1713.809433001629, "y1": 10, "x2": 2790, "y2": 2052.4478956494827}, "nipple": {"x": 1938.943835, "y": 1912.7123800000002}}