{"pectoral_line": {"x1": 1134.3796758496583, "y1": 10, "x2": 2002, "y2": 1315.7685744214443}, "nipple": {"x": 1353.906, "y": 1922.353085}}