{"pectoral_line": {"x1": 751.4390866424945, "y1": 10, "x2": 10, "y2": 1691.9221113248464}, "nipple": {"x": 865.483245, "y": 2110.82505}}