{"pectoral_line": {"x1": 747.578667399678, "y1": 10, "x2": 10, "y2": 1903.7830438926092}, "nipple": {"x": 1084.370285, "y": 1939.16435}}