{"pectoral_line": {"x1": 901.8002731748293, "y1": 10, "x2": 10, "y2": 1560.956988126727}, "nipple": {"x": 873.85979, "y": 2057.0536199999997}}