{"pectoral_line": {"x1": 1995.272343201402, "y1": 10, "x2": 2790, "y2": 2170.2144566593042}, "nipple": {"x": 1584.7424800000001, "y": 2503.0480249999996}}