{"pectoral_line": {"x1": 979.0300559223645, "y1": 10, "x2": 10, "y2": 2040.0118332430948}, "nipple": {"x": 619.3433249999999, "y": 2304.93541}}