{"pectoral_line": {"x1": 1926.4105529088458, "y1": 10, "x2": 2790, "y2": 2112.3936241027955}, "nipple": {"x": 1613.952935, "y": 2317.05992}}