{"pectoral_line": {"x1": 2176.672998645033, "y1": 10, "x2": 2790, "y2": 2399.585707823399}, "nipple": {"x": 1261.72154, "y": 2594.8263949999996}}