{"pectoral_line": {"x1": 770.2866340331898, "y1": 10, "x2": 10, "y2": 1478.3957025814211}, "nipple": {"x": 869.8685300000001, "y": 1931.950405}}