{"pectoral_line": {"x1": 1062.3390382248695, "y1": 10, "x2": 10, "y2": 1555.849775731819}, "nipple": {"x": 1203.675495, "y": 1920.7168849999998}}