{"pectoral_line": {"x1": 807.7805385851773, "y1": 10, "x2": 10, "y2": 2187.5895765796195}, "nipple": {"x": 929.51956, "y": 2300.933155}}