{"pectoral_line": {"x1": 472.3633713768375, "y1": 10, "x2": 10, "y2": 1607.2552638431034}, "nipple": {"x": 663.368285, "y": 1766.62932}}