{"pectoral_line": {"x1": 658.5097571904439, "y1": 10, "x2": 10, "y2": 1933.9122647990732}, "nipple": {"x": 644.3327099999999, "y": 1823.18126}}