{"pectoral_line": {"x1": 2042.5120468661141, "y1": 10, "x2": 2790, "y2": 1862.7479001519646}, "nipple": {"x": 1634.30127, "y": 2330.625475}}