{"pectoral_line": {"x1": 2091.602495359629, "y1": 10, "x2": 2660, "y2": 2158.9414429824565}, "nipple": {"x": 1928.61833, "y": 2317.047145}}