{"pectoral_line": {"x1": 2164.443500899369, "y1": 10, "x2": 2790, "y2": 1426.2595564490475}, "nipple": {"x": 2113.042855, "y": 1788.64185}}