{"pectoral_line": {"x1": 1673.1226176587302, "y1": 10, "x2": 2647, "y2": 1883.4129797709927}, "nipple": {"x": 1485.952385, "y": 2378.139215}}