{"pectoral_line": {"x1": 1971.1669755381872, "y1": 10, "x2": 2684, "y2": 2104.223709184465}, "nipple": {"x": 2009.48067, "y": 1983.076645}}