{"pectoral_line": {"x1": 1920.823777478279, "y1": 10, "x2": 2790, "y2": 1835.270233793028}, "nipple": {"x": 1682.7982000000002, "y": 2148.8464999999997}}