{"pectoral_line": {"x1": 483.39951809558585, "y1": 10, "x2": 10, "y2": 1959.9551973369612}, "nipple": {"x": 1020.82001, "y": 2002.7913449999999}}