{"pectoral_line": {"x1": 2270.820612297058, "y1": 10, "x2": 2790, "y2": 1892.0252696130774}, "nipple": {"x": 2135.05535, "y": 2022.7749549999999}}