{"pectoral_line": {"x1": 632.8845614440883, "y1": 10, "x2": 10, "y2": 1924.3700083564904}, "nipple": {"x": 943.527615, "y": 2246.9023349999998}}