{"pectoral_line": {"x1": 2164.8930803770763, "y1": 10, "x2": 2790, "y2": 1938.39589080331}, "nipple": {"x": 1962.135335, "y": 2233.4057399999997}}