{"pectoral_line": {"x1": 602.5760981018685, "y1": 10, "x2": 10, "y2": 1963.1307976441142}, "nipple": {"x": 863.4821049999999, "y": 2006.7659250000002}}