{"pectoral_line": {"x1": 2008.807037818116, "y1": 10, "x2": 2790, "y2": 1326.191692099967}, "nipple": {"x": 1574.7368199999999, "y": 2118.8294499999997}}