{"pectoral_line": {"x1": 2108.9977180940477, "y1": 10, "x2": 2790, "y2": 1733.231870280887}, "nipple": {"x": 1860.3937500000002, "y": 1851.30934}}