{"pectoral_line": {"x1": 633.7122425159914, "y1": 10, "x2": 10, "y2": 1413.3525397169096}, "nipple": {"x": 778.694475, "y": 1808.7854300000001}}