{"pectoral_line": {"x1": 966.0035224482286, "y1": 10, "x2": 10, "y2": 1508.8598361514123}, "nipple": {"x": 789.440025, "y": 1762.6270800000002}}