{"pectoral_line": {"x1": 1997.1145533486583, "y1": 10, "x2": 2790, "y2": 1558.8924808364584}, "nipple": {"x": 2059.35507, "y": 1860.3530449999998}}