{"pectoral_line": {"x1": 681.0809014381007, "y1": 10, "x2": 10, "y2": 1690.0819639952595}, "nipple": {"x": 954.35262, "y": 2018.77261}}