{"pectoral_line": {"x1": 2010.986811647369, "y1": 10, "x2": 2790, "y2": 1602.1434809726204}, "nipple": {"x": 2167.07345, "y": 1810.6544050000002}}