{"pectoral_line": {"x1": 665.2507257339203, "y1": 10, "x2": 10, "y2": 1727.6475882613574}, "nipple": {"x": 717.39904, "y": 2018.7726400000001}}