{"pectoral_line": {"x1": 774.6104523339061, "y1": 10, "x2": 10, "y2": 1919.1806913708056}, "nipple": {"x": 1107.620915, "y": 2140.84209}}