{"pectoral_line": {"x1": 1864.9549438684767, "y1": 10, "x2": 2790, "y2": 1617.0129793613755}, "nipple": {"x": 2247.11902, "y": 1934.7248849999999}}