{"pectoral_line": {"x1": 1598.2640340734717, "y1": 10, "x2": 2644, "y2": 2208.725878240311}, "nipple": {"x": 1461.8957500000001, "y": 2387.80502}}