{"pectoral_line": {"x1": 1454.4172699456426, "y1": 10, "x2": 2002, "y2": 1364.546765282899}, "nipple": {"x": 985.453175, "y": 1871.946495}}