{"pectoral_line": {"x1": 615.9337869074797, "y1": 10, "x2": 10, "y2": 1845.6229523501443}, "nipple": {"x": 950.731255, "y": 2142.968775}}