{"pectoral_line": {"x1": 454.5898204863482, "y1": 10, "x2": 10, "y2": 1446.6837618675538}, "nipple": {"x": 610.7422750000001, "y": 1460.084595}}