{"pectoral_line": {"x1": 714.0106559646138, "y1": 10, "x2": 10, "y2": 1752.7956081500395}, "nipple": {"x": 959.536655, "y": 2332.95129}}