{"pectoral_line": {"x1": 1996.9161800091965, "y1": 10, "x2": 2790, "y2": 1772.4894959654155}, "nipple": {"x": 2005.0929800000001, "y": 1654.608825}}