{"pectoral_line": {"x1": 2336.489302018317, "y1": 10, "x2": 2790, "y2": 1851.3627182619373}, "nipple": {"x": 1856.8972, "y": 2140.84209}}