{"pectoral_line": {"x1": 1421.166982919062, "y1": 10, "x2": 2002, "y2": 1546.0584037562062}, "nipple": {"x": 939.328945, "y": 1746.403135}}