{"pectoral_line": {"x1": 2037.4178264688587, "y1": 10, "x2": 2790, "y2": 1805.4127796820055}, "nipple": {"x": 2152.053135, "y": 1982.44308}}