{"pectoral_line": {"x1": 2066.623764636708, "y1": 10, "x2": 2790, "y2": 2344.532151969399}, "nipple": {"x": 1882.91202, "y": 2138.840905}}