{"pectoral_line": {"x1": 1243.749625286524, "y1": 10, "x2": 2790, "y2": 2370.7930518112644}, "nipple": {"x": 2008.98369, "y": 2294.929575}}