{"pectoral_line": {"x1": 2115.301203363798, "y1": 10, "x2": 2790, "y2": 2151.193346004285}, "nipple": {"x": 2054.83328, "y": 1921.398025}}