{"pectoral_line": {"x1": 2121.6682966666967, "y1": 10, "x2": 2790, "y2": 2397.628117024788}, "nipple": {"x": 1906.925635, "y": 2246.9023399999996}}