{"pectoral_line": {"x1": 1883.5634260841423, "y1": 10, "x2": 2740, "y2": 1751.0454035526313}, "nipple": {"x": 1831.803775, "y": 2129.697835}}