{"pectoral_line": {"x1": 1848.975598928872, "y1": 10, "x2": 2790, "y2": 2192.7316748516478}, "nipple": {"x": 2119.04616, "y": 1992.75789}}