{"pectoral_line": {"x1": 667.7121740370288, "y1": 10, "x2": 10, "y2": 1582.789887632147}, "nipple": {"x": 972.2394, "y": 1963.9412000000002}}