{"pectoral_line": {"x1": 2024.6850843819368, "y1": 10, "x2": 2790, "y2": 2177.4618824882323}, "nipple": {"x": 1880.910855, "y": 2214.8841199999997}}