{"pectoral_line": {"x1": 2105.123589727012, "y1": 10, "x2": 2790, "y2": 1665.8998235929153}, "nipple": {"x": 1845.25935, "y": 2006.76584}}