{"pectoral_line": {"x1": 394.2043156132331, "y1": 10, "x2": 10, "y2": 1797.2842249979467}, "nipple": {"x": 713.39678, "y": 1806.652085}}