{"pectoral_line": {"x1": 486.06560784818777, "y1": 10, "x2": 10, "y2": 1749.016514056408}, "nipple": {"x": 683.0352250000001, "y": 1964.113545}}