{"pectoral_line": {"x1": 2144.152000378319, "y1": 10, "x2": 2790, "y2": 1642.9974375061104}, "nipple": {"x": 2039.006795, "y": 1797.04713}}