{"pectoral_line": {"x1": 2301.914297828456, "y1": 10, "x2": 2802, "y2": 1852.1524587439076}, "nipple": {"x": 1766.37129, "y": 2162.329545}}