{"pectoral_line": {"x1": 2196.7885123606, "y1": 10, "x2": 2790, "y2": 1695.260131108905}, "nipple": {"x": 1904.924465, "y": 2062.79761}}