{"pectoral_line": {"x1": 1247.241825127508, "y1": 10, "x2": 10, "y2": 1906.6853589775908}, "nipple": {"x": 839.47718, "y": 2224.66708}}