{"pectoral_line": {"x1": 1877.4510912566247, "y1": 10, "x2": 2790, "y2": 1871.0375238786671}, "nipple": {"x": 1768.8471200000001, "y": 2058.795415}}