{"pectoral_line": {"x1": 719.9981739263619, "y1": 10, "x2": 10, "y2": 1812.303035985639}, "nipple": {"x": 1047.95111, "y": 1984.7039399999999}}