{"pectoral_line": {"x1": 653.089440040361, "y1": 10, "x2": 10, "y2": 1784.2378226285718}, "nipple": {"x": 620.63618, "y": 1815.1345299999998}}