{"pectoral_line": {"x1": 525.296812522002, "y1": 10, "x2": 10, "y2": 1863.177520666567}, "nipple": {"x": 912.3287049999999, "y": 1920.71693}}