{"pectoral_line": {"x1": 1241.0765053516216, "y1": 10, "x2": 2002, "y2": 1819.9635368547683}, "nipple": {"x": 1192.057085, "y": 2095.10391}}