{"pectoral_line": {"x1": 1921.8276181899166, "y1": 10, "x2": 2790, "y2": 1790.1187202866242}, "nipple": {"x": 1610.75732, "y": 2234.895535}}