{"pectoral_line": {"x1": 752.6426287361636, "y1": 10, "x2": 10, "y2": 1441.2002706108763}, "nipple": {"x": 773.43093, "y": 1836.6691700000001}}