{"pectoral_line": {"x1": 2205.685498652452, "y1": 10, "x2": 2790, "y2": 1909.02159564405}, "nipple": {"x": 2156.57499, "y": 1812.8736099999999}}