{"pectoral_line": {"x1": 1970.1578555713324, "y1": 10, "x2": 2790, "y2": 1788.2491991770078}, "nipple": {"x": 1738.8300800000002, "y": 2166.85695}}