{"pectoral_line": {"x1": 534.372565032348, "y1": 10, "x2": 10, "y2": 1784.624737149361}, "nipple": {"x": 835.4661699999999, "y": 2200.876215}}