{"pectoral_line": {"x1": 2047.4017322938544, "y1": 10, "x2": 2790, "y2": 1906.3873026261433}, "nipple": {"x": 2084.559315, "y": 1923.65895}}