{"pectoral_line": {"x1": 2142.419781806035, "y1": 10, "x2": 2790, "y2": 1572.6392038117497}, "nipple": {"x": 1786.857405, "y": 1992.75782}}