{"pectoral_line": {"x1": 2320.443984445705, "y1": 10, "x2": 2790, "y2": 1355.4585552619933}, "nipple": {"x": 1804.8676249999999, "y": 1838.67028}}