{"pectoral_line": {"x1": 707.1918041493313, "y1": 10, "x2": 10, "y2": 1682.1267004077563}, "nipple": {"x": 665.36947, "y": 2014.77035}}