{"pectoral_line": {"x1": 603.3898861566024, "y1": 10, "x2": 10, "y2": 1468.7724478689963}, "nipple": {"x": 865.7153, "y": 1826.439155}}