{"pectoral_line": {"x1": 273.7489957523578, "y1": 10, "x2": 10, "y2": 2358.3804014728353}, "nipple": {"x": 883.49349, "y": 2116.828345}}