{"pectoral_line": {"x1": 747.3742462939507, "y1": 10, "x2": 10, "y2": 1534.7399778528563}, "nipple": {"x": 1001.102055, "y": 2153.869325}}