{"pectoral_line": {"x1": 2072.5592517843284, "y1": 10, "x2": 2790, "y2": 1523.7789564449274}, "nipple": {"x": 1928.55546, "y": 1751.8286199999998}}