{"pectoral_line": {"x1": 1879.311700840593, "y1": 10, "x2": 2790, "y2": 1866.2352798211057}, "nipple": {"x": 1924.935895, "y": 1976.748855}}