{"pectoral_line": {"x1": 1929.1940482281457, "y1": 10, "x2": 2744, "y2": 2087.7558107795935}, "nipple": {"x": 1778.820745, "y": 2331.30195}}