{"pectoral_line": {"x1": 2197.5000078510357, "y1": 10, "x2": 2790, "y2": 1859.56081144491}, "nipple": {"x": 2035.36741, "y": 2242.900065}}