{"pectoral_line": {"x1": 786.9596616142705, "y1": 10, "x2": 10, "y2": 1634.0209457643432}, "nipple": {"x": 765.3353999999999, "y": 1973.39938}}