{"pectoral_line": {"x1": 715.325443449244, "y1": 10, "x2": 10, "y2": 1704.9271496999652}, "nipple": {"x": 464.073895, "y": 2002.76352}}