{"pectoral_line": {"x1": 1427.12608759233, "y1": 10, "x2": 2790, "y2": 1991.763451646288}, "nipple": {"x": 1926.937015, "y": 2138.840985}}