{"pectoral_line": {"x1": 2199.9964385653884, "y1": 10, "x2": 2790, "y2": 1457.7779655038998}, "nipple": {"x": 2120.734125, "y": 1858.092115}}