{"pectoral_line": {"x1": 908.0547260067895, "y1": 10, "x2": 10, "y2": 2079.7090820440035}, "nipple": {"x": 1177.723015, "y": 2445.9327350000003}}