{"pectoral_line": {"x1": 2143.6698704662867, "y1": 10, "x2": 2790, "y2": 1659.9809615521947}, "nipple": {"x": 2097.03371, "y": 1950.734025}}