{"pectoral_line": {"x1": 681.9958839074104, "y1": 10, "x2": 10, "y2": 1849.320846419903}, "nipple": {"x": 773.843725, "y": 2030.77962}}