{"pectoral_line": {"x1": 480.38232518251596, "y1": 10, "x2": 10, "y2": 1961.0175847981857}, "nipple": {"x": 860.294275, "y": 1955.311915}}