{"pectoral_line": {"x1": 737.147896902989, "y1": 10, "x2": 10, "y2": 1589.928683355169}, "nipple": {"x": 1176.4002349999998, "y": 2036.401515}}