{"pectoral_line": {"x1": 688.9157894293088, "y1": 10, "x2": 10, "y2": 1862.7420494191974}, "nipple": {"x": 480.45880999999997, "y": 2005.0522700000001}}