{"pectoral_line": {"x1": 514.7166838130831, "y1": 10, "x2": 10, "y2": 1940.5413245176535}, "nipple": {"x": 747.41613, "y": 1796.64641}}