{"pectoral_line": {"x1": 686.8957956973069, "y1": 10, "x2": 10, "y2": 2059.7548487963313}, "nipple": {"x": 943.527565, "y": 2194.872805}}