{"pectoral_line": {"x1": 637.1303141347262, "y1": 10, "x2": 10, "y2": 2026.343043985911}, "nipple": {"x": 722.377815, "y": 2061.575465}}