{"pectoral_line": {"x1": 2289.94162825974, "y1": 10, "x2": 2790, "y2": 1950.7027657217382}, "nipple": {"x": 2007.353905, "y": 2079.662875}}