{"pectoral_line": {"x1": 572.3635372414712, "y1": 10, "x2": 10, "y2": 1368.6304931778288}, "nipple": {"x": 630.16831, "y": 1718.602055}}