{"pectoral_line": {"x1": 673.1491630171072, "y1": 10, "x2": 10, "y2": 2206.6817197162472}, "nipple": {"x": 1341.7540299999998, "y": 2439.01154}}