{"pectoral_line": {"x1": 1945.5873288572188, "y1": 10, "x2": 2790, "y2": 2436.3507973550822}, "nipple": {"x": 1860.899435, "y": 2360.9672}}