{"pectoral_line": {"x1": 678.7023797457706, "y1": 10, "x2": 10, "y2": 1593.5244121368064}, "nipple": {"x": 928.8141549999999, "y": 1803.272945}}