{"pectoral_line": {"x1": 946.6359599631467, "y1": 10, "x2": 10, "y2": 1894.9071923984911}, "nipple": {"x": 1019.57084, "y": 2224.8898550000004}}