{"pectoral_line": {"x1": 2248.3270862203353, "y1": 10, "x2": 2790, "y2": 2078.6302976309908}, "nipple": {"x": 2028.9949849999998, "y": 2016.7715600000001}}