{"pectoral_line": {"x1": 609.0973406716003, "y1": 10, "x2": 10, "y2": 1378.0879332138127}, "nipple": {"x": 1333.749475, "y": 1928.72153}}