{"pectoral_line": {"x1": 991.3757596654405, "y1": 10, "x2": 10, "y2": 1536.5845167111702}, "nipple": {"x": 719.179185, "y": 1918.933585}}