{"pectoral_line": {"x1": 1010.2746790969104, "y1": 10, "x2": 10, "y2": 1736.1375477366541}, "nipple": {"x": 723.402445, "y": 2116.82844}}