{"pectoral_line": {"x1": 611.4551972394095, "y1": 10, "x2": 10, "y2": 1707.1293739837872}, "nipple": {"x": 947.529895, "y": 1988.755655}}