{"pectoral_line": {"x1": 2028.9284136191116, "y1": 10, "x2": 2790, "y2": 1504.9619124866351}, "nipple": {"x": 2039.0007249999999, "y": 1682.581495}}