{"pectoral_line": {"x1": 2223.3870099062224, "y1": 10, "x2": 2790, "y2": 1905.4561626865263}, "nipple": {"x": 1966.9597549999999, "y": 2076.805735}}