{"pectoral_line": {"x1": 1988.8207422632574, "y1": 10, "x2": 2790, "y2": 2015.1862739046824}, "nipple": {"x": 1362.6162000000002, "y": 2246.9023150000003}}