{"pectoral_line": {"x1": 1411.6608918353709, "y1": 10, "x2": 10, "y2": 1725.82650879479}, "nipple": {"x": 905.5059799999999, "y": 1892.7010200000002}}