{"pectoral_line": {"x1": 2050.372254071342, "y1": 10, "x2": 2790, "y2": 1394.0558835607244}, "nipple": {"x": 2109.095545, "y": 1837.74379}}