{"pectoral_line": {"x1": 741.8157583445541, "y1": 10, "x2": 10, "y2": 1824.1651115667548}, "nipple": {"x": 806.0320549999999, "y": 2086.4455900000003}}