{"pectoral_line": {"x1": 2476.162039284811, "y1": 10, "x2": 2790, "y2": 1835.9673378845266}, "nipple": {"x": 1840.045415, "y": 1977.9211599999999}}