{"pectoral_line": {"x1": 641.3575564815047, "y1": 10, "x2": 10, "y2": 1688.3915432278052}, "nipple": {"x": 1210.737005, "y": 2184.591655}}