{"pectoral_line": {"x1": 846.3578137801974, "y1": 10, "x2": 10, "y2": 1567.6205152205216}, "nipple": {"x": 575.318295, "y": 1894.70218}}