{"pectoral_line": {"x1": 685.2162458311552, "y1": 10, "x2": 10, "y2": 1572.1867481520442}, "nipple": {"x": 575.552275, "y": 1732.007275}}