{"pectoral_line": {"x1": 923.1749856586828, "y1": 10, "x2": 10, "y2": 1943.7822896757175}, "nipple": {"x": 635.352385, "y": 2058.79545}}