{"pectoral_line": {"x1": 1218.6033216866977, "y1": 10, "x2": 2002, "y2": 1330.168475178044}, "nipple": {"x": 1209.545785, "y": 1732.7921649999998}}