{"pectoral_line": {"x1": 2249.2441405302507, "y1": 10, "x2": 2790, "y2": 1718.101835008775}, "nipple": {"x": 2003.34923, "y": 2066.80005}}