{"pectoral_line": {"x1": 1736.3035749930493, "y1": 10, "x2": 2790, "y2": 1908.5520362520037}, "nipple": {"x": 2149.063315, "y": 1930.722605}}