{"pectoral_line": {"x1": 2231.2845572727274, "y1": 10, "x2": 2802, "y2": 2046.0659037837838}, "nipple": {"x": 1791.9049850000001, "y": 2469.777365}}