{"pectoral_line": {"x1": 2282.0109911257564, "y1": 10, "x2": 2790, "y2": 1697.8339563015077}, "nipple": {"x": 1582.29998, "y": 2075.14102}}