{"pectoral_line": {"x1": 636.221887977327, "y1": 10, "x2": 10, "y2": 1708.2288218749827}, "nipple": {"x": 854.719035, "y": 1772.5505249999999}}