{"pectoral_line": {"x1": 1784.7483104640698, "y1": 10, "x2": 2790, "y2": 1703.8887559294099}, "nipple": {"x": 1990.973415, "y": 2106.82271}}