{"pectoral_line": {"x1": 701.3957248691038, "y1": 10, "x2": 10, "y2": 1670.1778257253425}, "nipple": {"x": 789.44, "y": 1938.72719}}