{"pectoral_line": {"x1": 762.9713374999241, "y1": 10, "x2": 10, "y2": 1575.387779438773}, "nipple": {"x": 659.0718999999999, "y": 1729.2193699999998}}