{"pectoral_line": {"x1": 2239.9462976623086, "y1": 10, "x2": 2790, "y2": 1845.8042412455102}, "nipple": {"x": 2251.5338549999997, "y": 1704.349185}}