{"pectoral_line": {"x1": 858.9029440101942, "y1": 10, "x2": 10, "y2": 2026.1444937684971}, "nipple": {"x": 1243.698235, "y": 2258.90919}}