{"pectoral_line": {"x1": 589.2804411381107, "y1": 10, "x2": 10, "y2": 2054.5192385924347}, "nipple": {"x": 815.0757550000001, "y": 2251.4931450000004}}