{"pectoral_line": {"x1": 2336.0662199695535, "y1": 10, "x2": 2790, "y2": 2166.185476058523}, "nipple": {"x": 2009.614765, "y": 2206.27464}}