{"pectoral_line": {"x1": 773.6614167556388, "y1": 10, "x2": 10, "y2": 1537.322819791584}, "nipple": {"x": 910.7421650000001, "y": 1900.8615949999999}}