{"pectoral_line": {"x1": 1395.4910156051983, "y1": 10, "x2": 10, "y2": 2155.9571056368245}, "nipple": {"x": 1215.682355, "y": 2360.967215}}