{"pectoral_line": {"x1": 1178.6797891778037, "y1": 10, "x2": 2002, "y2": 1556.507149752055}, "nipple": {"x": 1180.8601899999999, "y": 1935.14947}}