{"pectoral_line": {"x1": 767.364470785926, "y1": 10, "x2": 10, "y2": 1627.075510338774}, "nipple": {"x": 588.144415, "y": 2038.784025}}