{"pectoral_line": {"x1": 288.4311001680846, "y1": 10, "x2": 10, "y2": 2160.1068040254854}, "nipple": {"x": 981.5492399999999, "y": 2164.855755}}