{"pectoral_line": {"x1": 2146.28939844423, "y1": 10, "x2": 2790, "y2": 1508.9904220406524}, "nipple": {"x": 2097.03378, "y": 1698.5906850000001}}