{"pectoral_line": {"x1": 753.4768252162124, "y1": 10, "x2": 10, "y2": 1886.1172846736101}, "nipple": {"x": 754.0307799999999, "y": 1921.398035}}