{"pectoral_line": {"x1": 913.9035781640189, "y1": 10, "x2": 10, "y2": 1681.602755067645}, "nipple": {"x": 759.4229349999999, "y": 1864.68508}}