{"pectoral_line": {"x1": 1338.263738398899, "y1": 10, "x2": 2002, "y2": 1975.6804800887169}, "nipple": {"x": 761.360655, "y": 2217.1213049999997}}