{"pectoral_line": {"x1": 539.1156668295866, "y1": 10, "x2": 10, "y2": 1611.7773480066671}, "nipple": {"x": 785.437745, "y": 1822.661195}}