{"pectoral_line": {"x1": 2253.723618815004, "y1": 10, "x2": 2790, "y2": 1764.6587056028566}, "nipple": {"x": 1774.85058, "y": 2034.7817949999999}}