{"pectoral_line": {"x1": 826.4728634114241, "y1": 10, "x2": 10, "y2": 1821.9967944362163}, "nipple": {"x": 700.66775, "y": 2018.61789}}