{"pectoral_line": {"x1": 2091.0186423099635, "y1": 10, "x2": 2790, "y2": 1827.3518792861591}, "nipple": {"x": 2008.983685, "y": 2156.85119}}