{"pectoral_line": {"x1": 642.453743007476, "y1": 10, "x2": 10, "y2": 1509.8188229553643}, "nipple": {"x": 805.4490999999999, "y": 1924.719185}}