{"pectoral_line": {"x1": 959.2989723984149, "y1": 10, "x2": 10, "y2": 1729.6317749042082}, "nipple": {"x": 827.611055, "y": 2012.907915}}