{"pectoral_line": {"x1": 463.8591182715559, "y1": 10, "x2": 10, "y2": 1714.3858405879162}, "nipple": {"x": 865.483245, "y": 1820.660015}}