{"pectoral_line": {"x1": 519.1938660766749, "y1": 10, "x2": 10, "y2": 1445.4933631865138}, "nipple": {"x": 1002.7326, "y": 1611.6512400000001}}