{"pectoral_line": {"x1": 755.0451031251125, "y1": 10, "x2": 10, "y2": 1787.6514288590688}, "nipple": {"x": 813.4536549999999, "y": 2110.82503}}