{"pectoral_line": {"x1": 799.490609448888, "y1": 10, "x2": 10, "y2": 1889.7395501408982}, "nipple": {"x": 807.45025, "y": 1988.7556049999998}}