{"pectoral_line": {"x1": 2110.0715094913453, "y1": 10, "x2": 2790, "y2": 1663.4624626301124}, "nipple": {"x": 2221.1042549999997, "y": 1838.67033}}