{"pectoral_line": {"x1": 795.208563391612, "y1": 10, "x2": 10, "y2": 1469.7500595033016}, "nipple": {"x": 677.3762899999999, "y": 1924.71921}}