{"pectoral_line": {"x1": 803.038881674689, "y1": 10, "x2": 10, "y2": 1466.6020987839115}, "nipple": {"x": 806.0320549999999, "y": 1742.7849099999999}}