{"pectoral_line": {"x1": 2242.177730879389, "y1": 10, "x2": 2790, "y2": 2003.336458785112}, "nipple": {"x": 1603.121695, "y": 2276.9194500000003}}