{"pectoral_line": {"x1": 806.8952018147106, "y1": 10, "x2": 10, "y2": 1911.0896712009182}, "nipple": {"x": 1213.681195, "y": 2380.978545}}