{"pectoral_line": {"x1": 689.2154795111544, "y1": 10, "x2": 10, "y2": 1881.0464220596948}, "nipple": {"x": 1050.61723, "y": 2181.47937}}