{"pectoral_line": {"x1": 681.0631577846242, "y1": 10, "x2": 10, "y2": 1811.5465483746718}, "nipple": {"x": 941.5264500000001, "y": 2050.790825}}