{"pectoral_line": {"x1": 616.6854005378029, "y1": 10, "x2": 10, "y2": 1974.7701456226494}, "nipple": {"x": 794.727435, "y": 1783.481575}}