{"pectoral_line": {"x1": 2229.757529630615, "y1": 10, "x2": 2790, "y2": 1717.1956131233853}, "nipple": {"x": 2127.05079, "y": 1976.74876}}