{"pectoral_line": {"x1": 1743.8617727639858, "y1": 10, "x2": 2647, "y2": 1971.5027423044728}, "nipple": {"x": 1793.4494499999998, "y": 1771.290545}}