{"pectoral_line": {"x1": 896.781582203796, "y1": 10, "x2": 10, "y2": 1680.1958761486035}, "nipple": {"x": 919.4544350000001, "y": 1826.3804}}