{"pectoral_line": {"x1": 2162.237782692634, "y1": 10, "x2": 2790, "y2": 1665.9085232710845}, "nipple": {"x": 1964.958685, "y": 1748.6190700000002}}