{"pectoral_line": {"x1": 1828.8194365490485, "y1": 10, "x2": 2790, "y2": 2126.5386396845215}, "nipple": {"x": 1816.87444, "y": 2348.9603850000003}}