{"pectoral_line": {"x1": 2095.7673065107647, "y1": 10, "x2": 2790, "y2": 1380.6773952100093}, "nipple": {"x": 2173.07693, "y": 1744.6168499999999}}