{"pectoral_line": {"x1": 906.3183814964328, "y1": 10, "x2": 10, "y2": 1695.7906078667652}, "nipple": {"x": 509.970925, "y": 1767.197185}}