{"pectoral_line": {"x1": 1897.249138516924, "y1": 10, "x2": 2790, "y2": 1704.117764519233}, "nipple": {"x": 2057.09421, "y": 2206.27464}}