{"pectoral_line": {"x1": 2149.074223998276, "y1": 10, "x2": 2790, "y2": 1646.1845152040744}, "nipple": {"x": 1484.6855600000001, "y": 2008.766975}}