{"pectoral_line": {"x1": 873.7726537022961, "y1": 10, "x2": 10, "y2": 1690.0852740930954}, "nipple": {"x": 885.494615, "y": 2128.83518}}