{"pectoral_line": {"x1": 736.6687841972482, "y1": 10, "x2": 10, "y2": 1619.7732162286325}, "nipple": {"x": 725.9095100000001, "y": 1947.9457599999998}}