{"pectoral_line": {"x1": 1139.358815278474, "y1": 10, "x2": 10, "y2": 1566.427207884514}, "nipple": {"x": 703.3910999999999, "y": 1778.6361749999999}}