{"pectoral_line": {"x1": 817.5972169289491, "y1": 10, "x2": 10, "y2": 1722.7185816737322}, "nipple": {"x": 661.3671850000001, "y": 1970.7453449999998}}