{"pectoral_line": {"x1": 694.1591075030022, "y1": 10, "x2": 10, "y2": 1918.4438126632983}, "nipple": {"x": 597.330775, "y": 2064.798855}}