{"pectoral_line": {"x1": 876.6641271363217, "y1": 10, "x2": 10, "y2": 1945.7607382002702}, "nipple": {"x": 797.4445499999999, "y": 2154.850045}}