{"pectoral_line": {"x1": 2030.4177391211126, "y1": 10, "x2": 2790, "y2": 1748.27479002087}, "nipple": {"x": 2049.00639, "y": 1964.74193}}