{"pectoral_line": {"x1": 795.0419361126089, "y1": 10, "x2": 10, "y2": 1689.8208749050157}, "nipple": {"x": 647.7672749999999, "y": 1950.790115}}