{"pectoral_line": {"x1": 2191.3582857666706, "y1": 10, "x2": 2790, "y2": 1877.1915694080144}, "nipple": {"x": 2179.080325, "y": 1906.708995}}