{"pectoral_line": {"x1": 2031.9660193910192, "y1": 10, "x2": 2790, "y2": 1970.4322248352996}, "nipple": {"x": 2065.015515, "y": 2208.880735}}