{"pectoral_line": {"x1": 584.4460497710412, "y1": 10, "x2": 10, "y2": 1770.5707803140467}, "nipple": {"x": 995.9498249999999, "y": 1826.439165}}