{"pectoral_line": {"x1": 964.6190171757926, "y1": 10, "x2": 10, "y2": 1931.2137750208742}, "nipple": {"x": 749.50892, "y": 1830.96101}}