{"pectoral_line": {"x1": 2014.5209940253528, "y1": 10, "x2": 2790, "y2": 1525.166690638896}, "nipple": {"x": 1535.083005, "y": 2052.7920050000002}}