{"pectoral_line": {"x1": 428.2222981911808, "y1": 10, "x2": 10, "y2": 1671.7365990751462}, "nipple": {"x": 762.243385, "y": 2056.794295}}