{"pectoral_line": {"x1": 2276.5386886431984, "y1": 10, "x2": 2790, "y2": 1986.5500089594893}, "nipple": {"x": 1973.4400249999999, "y": 2023.13974}}