{"pectoral_line": {"x1": 2038.7416757954857, "y1": 10, "x2": 2790, "y2": 1477.3014172115684}, "nipple": {"x": 2185.0837349999997, "y": 1814.65657}}