{"pectoral_line": {"x1": 598.0508173279222, "y1": 10, "x2": 10, "y2": 2024.713253350565}, "nipple": {"x": 825.46051, "y": 1862.683945}}