{"pectoral_line": {"x1": 652.4285260964987, "y1": 10, "x2": 10, "y2": 1842.8108681700623}, "nipple": {"x": 851.4752550000001, "y": 1990.756735}}