{"pectoral_line": {"x1": 523.1292856606841, "y1": 10, "x2": 10, "y2": 1673.6189407949448}, "nipple": {"x": 845.47185, "y": 1938.727095}}