{"pectoral_line": {"x1": 1143.7468299638035, "y1": 10, "x2": 10, "y2": 2205.2803322765794}, "nipple": {"x": 753.4195249999999, "y": 2625.11748}}