{"pectoral_line": {"x1": 2079.246419553161, "y1": 10, "x2": 2790, "y2": 1692.1417124303919}, "nipple": {"x": 1912.929025, "y": 1890.6998899999999}}