{"pectoral_line": {"x1": 896.0293791880804, "y1": 10, "x2": 10, "y2": 1870.1436420432306}, "nipple": {"x": 873.9737349999999, "y": 2260.0277149999997}}