{"pectoral_line": {"x1": 597.3843917410065, "y1": 10, "x2": 10, "y2": 1875.4295602635248}, "nipple": {"x": 898.73001, "y": 2378.104965}}