{"pectoral_line": {"x1": 642.4353194405091, "y1": 10, "x2": 10, "y2": 1682.1206594988773}, "nipple": {"x": 605.94362, "y": 1959.142585}}