{"pectoral_line": {"x1": 626.5716250389678, "y1": 10, "x2": 10, "y2": 1804.814672778574}, "nipple": {"x": 566.609895, "y": 1874.366775}}