{"pectoral_line": {"x1": 524.9195628858746, "y1": 10, "x2": 10, "y2": 1788.8130450900996}, "nipple": {"x": 721.4013150000001, "y": 1888.698735}}