{"pectoral_line": {"x1": 1971.6941441312742, "y1": 10, "x2": 2802, "y2": 2077.780929519231}, "nipple": {"x": 2090.881185, "y": 2033.98682}}