{"pectoral_line": {"x1": 674.8603525001622, "y1": 10, "x2": 10, "y2": 2083.462777975909}, "nipple": {"x": 1009.5153799999999, "y": 2206.2746349999998}}