{"pectoral_line": {"x1": 623.1081518068904, "y1": 10, "x2": 10, "y2": 1473.6877811191457}, "nipple": {"x": 991.554885, "y": 1924.719195}}