{"pectoral_line": {"x1": 547.6427936742595, "y1": 10, "x2": 10, "y2": 1717.1544183119313}, "nipple": {"x": 984.64514, "y": 1880.701365}}