{"pectoral_line": {"x1": 2208.4295906830966, "y1": 10, "x2": 2790, "y2": 1946.6294704360948}, "nipple": {"x": 1851.26279, "y": 2162.854535}}