{"pectoral_line": {"x1": 786.3954824924012, "y1": 10, "x2": 10, "y2": 1759.5487242465754}, "nipple": {"x": 1063.441405, "y": 2245.7728850000003}}