{"pectoral_line": {"x1": 1082.3339252407845, "y1": 10, "x2": 10, "y2": 1609.8992330166618}, "nipple": {"x": 591.32738, "y": 2024.776085}}