{"pectoral_line": {"x1": 513.7586419816294, "y1": 10, "x2": 10, "y2": 1678.1064688542149}, "nipple": {"x": 815.454775, "y": 1656.566765}}