{"pectoral_line": {"x1": 2261.1561381516613, "y1": 10, "x2": 2790, "y2": 1764.8000657476025}, "nipple": {"x": 1694.80501, "y": 2270.9160199999997}}