{"pectoral_line": {"x1": 714.2091677838326, "y1": 10, "x2": 10, "y2": 1712.3490970929756}, "nipple": {"x": 722.37782, "y": 1896.52785}}