{"pectoral_line": {"x1": 888.5321512587608, "y1": 10, "x2": 10, "y2": 1502.5598679539837}, "nipple": {"x": 815.4547849999999, "y": 1544.5029949999998}}