{"pectoral_line": {"x1": 1409.943770757313, "y1": 10, "x2": 2790, "y2": 1789.5461950947513}, "nipple": {"x": 1966.6572500000002, "y": 2409.757925}}