{"pectoral_line": {"x1": 2092.7182791078326, "y1": 10, "x2": 2790, "y2": 1846.2680660087601}, "nipple": {"x": 2041.6018000000001, "y": 2142.968785}}