{"pectoral_line": {"x1": 711.254375259704, "y1": 10, "x2": 10, "y2": 1641.489741457336}, "nipple": {"x": 943.527615, "y": 2050.7909}}