{"pectoral_line": {"x1": 422.2883479501446, "y1": 10, "x2": 10, "y2": 2194.5128615434196}, "nipple": {"x": 775.43204, "y": 2118.8295399999997}}