{"pectoral_line": {"x1": 946.5212915086904, "y1": 10, "x2": 10, "y2": 2017.5430836409892}, "nipple": {"x": 762.69904, "y": 2301.4452800000004}}