{"pectoral_line": {"x1": 661.6158958395833, "y1": 10, "x2": 10, "y2": 1920.0801812930788}, "nipple": {"x": 1063.77759, "y": 1993.747705}}