{"pectoral_line": {"x1": 2125.193089477195, "y1": 10, "x2": 2790, "y2": 2133.151408996521}, "nipple": {"x": 1627.852385, "y": 2638.11146}}