{"pectoral_line": {"x1": 1918.0101575924002, "y1": 10, "x2": 2790, "y2": 1935.2359937704402}, "nipple": {"x": 1878.90972, "y": 2270.91608}}