{"pectoral_line": {"x1": 651.5627057788308, "y1": 10, "x2": 10, "y2": 1766.1022989750284}, "nipple": {"x": 877.49006, "y": 2144.84439}}