{"pectoral_line": {"x1": 843.9357285888177, "y1": 10, "x2": 10, "y2": 1994.3961216553703}, "nipple": {"x": 874.598215, "y": 2139.411725}}