{"pectoral_line": {"x1": 1252.52559364362, "y1": 10, "x2": 2002, "y2": 1666.7043261604342}, "nipple": {"x": 1134.76834, "y": 2011.927595}}