{"pectoral_line": {"x1": 2154.640703354653, "y1": 10, "x2": 2790, "y2": 1963.9005771341515}, "nipple": {"x": 1939.52614, "y": 1914.6152499999998}}