{"pectoral_line": {"x1": 414.92719110180474, "y1": 10, "x2": 10, "y2": 2008.9263733887728}, "nipple": {"x": 979.54806, "y": 2028.77843}}