{"pectoral_line": {"x1": 828.4684332057415, "y1": 10, "x2": 10, "y2": 1804.0166483204591}, "nipple": {"x": 887.463525, "y": 2063.11301}}