{"pectoral_line": {"x1": 2141.9367454153044, "y1": 10, "x2": 2790, "y2": 1743.078248015972}, "nipple": {"x": 1817.436165, "y": 1742.7849199999998}}