{"pectoral_line": {"x1": 2003.6411265521956, "y1": 10, "x2": 2790, "y2": 1722.9209431056015}, "nipple": {"x": 2053.008725, "y": 2036.78292}}