{"pectoral_line": {"x1": 2097.829594794204, "y1": 10, "x2": 2790, "y2": 1566.0823282732104}, "nipple": {"x": 1896.5685549999998, "y": 1688.52271}}