{"pectoral_line": {"x1": 826.4617069236854, "y1": 10, "x2": 10, "y2": 1982.5136785916943}, "nipple": {"x": 900.3218800000001, "y": 2006.76584}}