{"pectoral_line": {"x1": 433.9278448885711, "y1": 10, "x2": 10, "y2": 1579.2766429075741}, "nipple": {"x": 775.49537, "y": 1864.76951}}