{"pectoral_line": {"x1": 1198.07224412316, "y1": 10, "x2": 2002, "y2": 1568.7608804751483}, "nipple": {"x": 1348.699995, "y": 1906.283225}}