{"pectoral_line": {"x1": 2104.3980763733534, "y1": 10, "x2": 2790, "y2": 1876.360821173979}, "nipple": {"x": 1770.848265, "y": 2304.9353699999997}}