{"pectoral_line": {"x1": 1515.7287346951587, "y1": 10, "x2": 2002, "y2": 1733.451230464468}, "nipple": {"x": 1049.6975850000001, "y": 1911.156265}}