{"pectoral_line": {"x1": 1830.4954934603736, "y1": 10, "x2": 2790, "y2": 2046.739648673554}, "nipple": {"x": 1914.93024, "y": 2162.854635}}