{"pectoral_line": {"x1": 921.9093112945981, "y1": 10, "x2": 10, "y2": 1753.826640620746}, "nipple": {"x": 861.480965, "y": 2088.8125}}