{"pectoral_line": {"x1": 2109.5841166241644, "y1": 10, "x2": 2790, "y2": 1442.706608044329}, "nipple": {"x": 2075.021205, "y": 1692.5872399999998}}