{"pectoral_line": {"x1": 505.14224678842925, "y1": 10, "x2": 10, "y2": 1551.4805509967753}, "nipple": {"x": 704.210405, "y": 1754.622495}}