{"pectoral_line": {"x1": 905.2244918476085, "y1": 10, "x2": 10, "y2": 1677.5695594748495}, "nipple": {"x": 901.50371, "y": 1924.719195}}