{"pectoral_line": {"x1": 664.9291108464136, "y1": 10, "x2": 10, "y2": 1615.6326614034738}, "nipple": {"x": 997.55835, "y": 2050.790855}}