{"pectoral_line": {"x1": 1552.526490847827, "y1": 10, "x2": 2790, "y2": 2065.0899525860286}, "nipple": {"x": 1910.134115, "y": 2174.621685}}