{"pectoral_line": {"x1": 746.6140337088, "y1": 10, "x2": 10, "y2": 1960.2158417020842}, "nipple": {"x": 781.16188, "y": 1986.964925}}