{"pectoral_line": {"x1": 1125.3762786879636, "y1": 10, "x2": 10, "y2": 1696.238169157685}, "nipple": {"x": 1019.5708149999999, "y": 1872.689635}}