{"pectoral_line": {"x1": 1161.5098292263615, "y1": 10, "x2": 2002, "y2": 1971.1437466485415}, "nipple": {"x": 1291.22885, "y": 1826.3804400000001}}