{"pectoral_line": {"x1": 804.7251697214487, "y1": 10, "x2": 10, "y2": 1973.0897940875952}, "nipple": {"x": 1013.567415, "y": 2148.84669}}