{"pectoral_line": {"x1": 526.4907199910522, "y1": 10, "x2": 10, "y2": 1301.226795054308}, "nipple": {"x": 725.5379250000001, "y": 1654.608825}}