{"pectoral_line": {"x1": 656.173973236828, "y1": 10, "x2": 10, "y2": 2161.663938326367}, "nipple": {"x": 698.406825, "y": 2038.966155}}