{"pectoral_line": {"x1": 2445.8893369231387, "y1": 10, "x2": 2790, "y2": 2012.0987714307123}, "nipple": {"x": 1952.9517600000001, "y": 2002.763585}}