{"pectoral_line": {"x1": 2235.23334418892, "y1": 10, "x2": 2790, "y2": 1937.4584751175832}, "nipple": {"x": 1760.8425849999999, "y": 2186.868275}}