{"pectoral_line": {"x1": 615.514365563339, "y1": 10, "x2": 10, "y2": 1537.9334303751957}, "nipple": {"x": 1075.08222, "y": 1686.2617799999998}}