{"pectoral_line": {"x1": 1035.0953783162986, "y1": 10, "x2": 2002, "y2": 2160.7195834032436}, "nipple": {"x": 932.930805, "y": 2339.8343250000003}}