{"pectoral_line": {"x1": 2008.6934709584457, "y1": 10, "x2": 2790, "y2": 1810.1724879239139}, "nipple": {"x": 1738.30378, "y": 2050.27078}}