{"pectoral_line": {"x1": 1850.267201988066, "y1": 10, "x2": 2790, "y2": 1841.274232233551}, "nipple": {"x": 1752.838045, "y": 2386.982025}}