{"pectoral_line": {"x1": 2063.484223878253, "y1": 10, "x2": 2790, "y2": 1619.4098082329494}, "nipple": {"x": 1800.865335, "y": 1836.6691700000001}}