{"pectoral_line": {"x1": 1927.7608593117184, "y1": 10, "x2": 2790, "y2": 1195.5788227026987}, "nipple": {"x": 2095.52999, "y": 1659.130675}}