{"pectoral_line": {"x1": 1375.9231596169452, "y1": 10, "x2": 2002, "y2": 1287.486317679347}, "nipple": {"x": 1187.258415, "y": 1636.0344650000002}}