{"pectoral_line": {"x1": 638.19598945017, "y1": 10, "x2": 10, "y2": 1766.2944450853308}, "nipple": {"x": 1008.3308549999999, "y": 2063.509395}}