{"pectoral_line": {"x1": 704.0336043182106, "y1": 10, "x2": 10, "y2": 1373.4996255450712}, "nipple": {"x": 763.074475, "y": 1785.742505}}