{"pectoral_line": {"x1": 1623.5681142609615, "y1": 10, "x2": 2790, "y2": 1536.5084790936767}, "nipple": {"x": 2193.08838, "y": 2078.80687}}