{"pectoral_line": {"x1": 1821.4920243981303, "y1": 10, "x2": 2790, "y2": 1718.3809044771542}, "nipple": {"x": 1993.343565, "y": 2196.873985}}