{"pectoral_line": {"x1": 1931.8037900074678, "y1": 10, "x2": 2802, "y2": 2054.621612878513}, "nipple": {"x": 2040.1630949999999, "y": 2420.015905}}