{"pectoral_line": {"x1": 602.7066475958177, "y1": 10, "x2": 10, "y2": 1658.465467753361}, "nipple": {"x": 883.49346, "y": 1898.7043600000002}}