{"pectoral_line": {"x1": 1884.1387113884352, "y1": 10, "x2": 2790, "y2": 1976.5702367891522}, "nipple": {"x": 1625.25756, "y": 2158.7952}}