{"pectoral_line": {"x1": 2270.960248589426, "y1": 10, "x2": 2790, "y2": 1479.0677908098758}, "nipple": {"x": 1846.891505, "y": 1870.68848}}