{"pectoral_line": {"x1": 504.53931600025163, "y1": 10, "x2": 10, "y2": 1965.930782306929}, "nipple": {"x": 1233.3469699999998, "y": 2118.0986}}