{"pectoral_line": {"x1": 2093.3180756170445, "y1": 10, "x2": 2790, "y2": 1637.2496930019656}, "nipple": {"x": 2125.04969, "y": 1950.733935}}