{"pectoral_line": {"x1": 2035.9970770808968, "y1": 10, "x2": 2790, "y2": 1700.2921974896537}, "nipple": {"x": 1604.753905, "y": 2360.967245}}