{"pectoral_line": {"x1": 2064.0332405208987, "y1": 10, "x2": 2790, "y2": 1703.9410305481508}, "nipple": {"x": 1880.910815, "y": 1778.636125}}