{"pectoral_line": {"x1": 1004.8646745242893, "y1": 10, "x2": 10, "y2": 1816.9992711156756}, "nipple": {"x": 943.52759, "y": 2110.82505}}