{"pectoral_line": {"x1": 1326.8966326102636, "y1": 10, "x2": 2002, "y2": 1751.6867959708482}, "nipple": {"x": 1262.4370150000002, "y": 2119.097045}}