{"pectoral_line": {"x1": 2191.349517534497, "y1": 10, "x2": 2790, "y2": 1816.9358590375377}, "nipple": {"x": 1682.79818, "y": 1882.695315}}