{"pectoral_line": {"x1": 2265.1487812952832, "y1": 10, "x2": 2790, "y2": 1887.2576044694292}, "nipple": {"x": 1801.2343349999999, "y": 2196.873985}}