{"pectoral_line": {"x1": 1939.9033995063717, "y1": 10, "x2": 2790, "y2": 1883.1776290732919}, "nipple": {"x": 1922.934725, "y": 2062.79768}}