{"pectoral_line": {"x1": 2091.0254540516034, "y1": 10, "x2": 2790, "y2": 2024.3170576851423}, "nipple": {"x": 1704.38989, "y": 2190.4481}}