{"pectoral_line": {"x1": 1204.1115508049415, "y1": 10, "x2": 10, "y2": 1891.134795770519}, "nipple": {"x": 968.823225, "y": 2473.905235}}