{"pectoral_line": {"x1": 1866.709827402204, "y1": 10, "x2": 2790, "y2": 1683.7478011352493}, "nipple": {"x": 1770.8482749999998, "y": 2208.88077}}