{"pectoral_line": {"x1": 887.8166166570747, "y1": 10, "x2": 10, "y2": 1803.6448585998426}, "nipple": {"x": 990.48933, "y": 2005.529435}}