{"pectoral_line": {"x1": 1425.0820623940588, "y1": 10, "x2": 2002, "y2": 1354.780633460098}, "nipple": {"x": 1411.19469, "y": 1599.24501}}