{"pectoral_line": {"x1": 405.29441932041436, "y1": 10, "x2": 10, "y2": 1793.4212356585592}, "nipple": {"x": 1303.7324199999998, "y": 2032.7806950000002}}