{"pectoral_line": {"x1": 1735.383796555058, "y1": 10, "x2": 2790, "y2": 1553.9582244502024}, "nipple": {"x": 2059.80216, "y": 2068.14701}}