{"pectoral_line": {"x1": 1518.091220738115, "y1": 10, "x2": 2790, "y2": 1761.6096457213378}, "nipple": {"x": 2025.441245, "y": 2118.0986}}