{"pectoral_line": {"x1": 886.1599006522938, "y1": 10, "x2": 10, "y2": 2216.6249137129}, "nipple": {"x": 955.25311, "y": 2158.79526}}