{"pectoral_line": {"x1": 1084.296842467677, "y1": 10, "x2": 10, "y2": 1716.538520698256}, "nipple": {"x": 921.5151249999999, "y": 2280.921605}}