{"pectoral_line": {"x1": 2340.7637253744547, "y1": 10, "x2": 2790, "y2": 2552.380884889485}, "nipple": {"x": 1636.77204, "y": 2222.888765}}