{"pectoral_line": {"x1": 583.5522873179639, "y1": 10, "x2": 10, "y2": 1587.2688209129192}, "nipple": {"x": 1157.649365, "y": 1970.74541}}