{"pectoral_line": {"x1": 669.5893970998967, "y1": 10, "x2": 10, "y2": 1922.8091060131842}, "nipple": {"x": 1071.60045, "y": 2396.987655}}