{"pectoral_line": {"x1": 1708.4998456014832, "y1": 10, "x2": 2790, "y2": 1923.423346891798}, "nipple": {"x": 2127.050795, "y": 2114.827255}}