{"pectoral_line": {"x1": 1905.4218812119225, "y1": 10, "x2": 2790, "y2": 1636.6412061358517}, "nipple": {"x": 2059.0120699999998, "y": 2004.7646849999999}}