{"pectoral_line": {"x1": 1867.7633291771738, "y1": 10, "x2": 2790, "y2": 1909.9462130325248}, "nipple": {"x": 1421.77421, "y": 2378.104965}}