{"pectoral_line": {"x1": 2244.7127301384207, "y1": 10, "x2": 2790, "y2": 1756.9388509439386}, "nipple": {"x": 1974.96428, "y": 1830.665705}}