{"pectoral_line": {"x1": 768.290082770605, "y1": 10, "x2": 10, "y2": 1887.1656966923506}, "nipple": {"x": 983.550355, "y": 2298.931955}}