{"pectoral_line": {"x1": 674.2881153587758, "y1": 10, "x2": 10, "y2": 1886.6137699387505}, "nipple": {"x": 807.45025, "y": 2084.810205}}