{"pectoral_line": {"x1": 1252.3260130711385, "y1": 10, "x2": 2002, "y2": 1593.581030449202}, "nipple": {"x": 1310.748815, "y": 1855.6816150000002}}