{"pectoral_line": {"x1": 743.570352244654, "y1": 10, "x2": 10, "y2": 1486.7929331144503}, "nipple": {"x": 653.3626449999999, "y": 1852.67827}}