{"pectoral_line": {"x1": 784.2101751065164, "y1": 10, "x2": 10, "y2": 1917.0019019638125}, "nipple": {"x": 842.206865, "y": 2172.36081}}