{"pectoral_line": {"x1": 1582.6464621997256, "y1": 10, "x2": 10, "y2": 2191.157744644649}, "nipple": {"x": 1051.58907, "y": 2505.049165}}