{"pectoral_line": {"x1": 507.4650522879465, "y1": 10, "x2": 10, "y2": 1927.1967766312564}, "nipple": {"x": 860.294275, "y": 2118.09854}}