{"pectoral_line": {"x1": 476.24927521383654, "y1": 10, "x2": 10, "y2": 1928.4214988696926}, "nipple": {"x": 1034.3981350000001, "y": 2206.879515}}