{"pectoral_line": {"x1": 2105.750365542789, "y1": 10, "x2": 2790, "y2": 2246.68652152017}, "nipple": {"x": 1908.926795, "y": 2068.8011500000002}}