{"pectoral_line": {"x1": 873.6153815854285, "y1": 10, "x2": 10, "y2": 1550.1141591507135}, "nipple": {"x": 807.486295, "y": 1893.56131}}