{"pectoral_line": {"x1": 2176.1551996359785, "y1": 10, "x2": 2790, "y2": 1822.9834588544825}, "nipple": {"x": 1827.2491049999999, "y": 2280.92164}}