{"pectoral_line": {"x1": 2464.2119392424916, "y1": 10, "x2": 2790, "y2": 2024.3399772445678}, "nipple": {"x": 1900.92216, "y": 2050.79086}}