{"pectoral_line": {"x1": 2219.546607639598, "y1": 10, "x2": 2790, "y2": 1293.138118329532}, "nipple": {"x": 1968.96089, "y": 1694.58834}}