{"pectoral_line": {"x1": 779.5154277114243, "y1": 10, "x2": 10, "y2": 1456.8494091564285}, "nipple": {"x": 811.3462750000001, "y": 1656.889915}}