{"pectoral_line": {"x1": 655.2258283740556, "y1": 10, "x2": 10, "y2": 1738.2834779068442}, "nipple": {"x": 891.49802, "y": 1742.6156449999999}}