{"pectoral_line": {"x1": 679.003733299185, "y1": 10, "x2": 10, "y2": 1607.101392541596}, "nipple": {"x": 1426.510115, "y": 1981.536335}}