{"pectoral_line": {"x1": 2318.3891909732106, "y1": 10, "x2": 2790, "y2": 1388.2419610366062}, "nipple": {"x": 1524.70832, "y": 1912.7123}}