{"pectoral_line": {"x1": 709.0644587912457, "y1": 10, "x2": 10, "y2": 1815.2312939540811}, "nipple": {"x": 809.45136, "y": 1948.7329}}