{"pectoral_line": {"x1": 1293.1533144832754, "y1": 10, "x2": 2002, "y2": 1356.1583722060875}, "nipple": {"x": 1117.17336, "y": 1879.165355}}