{"pectoral_line": {"x1": 2017.067954836215, "y1": 10, "x2": 2692, "y2": 1533.7102357270712}, "nipple": {"x": 2060.317975, "y": 1889.40208}}