{"pectoral_line": {"x1": 1073.7870545257374, "y1": 10, "x2": 10, "y2": 1801.6989054952255}, "nipple": {"x": 1289.724455, "y": 2447.016085}}