{"pectoral_line": {"x1": 691.0423179021182, "y1": 10, "x2": 10, "y2": 1456.5549802619473}, "nipple": {"x": 613.3399, "y": 1616.54405}}