{"pectoral_line": {"x1": 608.3508144925585, "y1": 10, "x2": 10, "y2": 1715.7462370950607}, "nipple": {"x": 1075.08222, "y": 1916.876175}}