{"pectoral_line": {"x1": 719.8690599334027, "y1": 10, "x2": 10, "y2": 1963.515659146709}, "nipple": {"x": 705.3922249999999, "y": 2182.8659949999997}}