{"pectoral_line": {"x1": 1960.628091241485, "y1": 10, "x2": 2790, "y2": 1719.7821074922588}, "nipple": {"x": 1966.65724, "y": 2111.3157650000003}}