{"pectoral_line": {"x1": 532.5100447901606, "y1": 10, "x2": 10, "y2": 1916.7033448463512}, "nipple": {"x": 673.374025, "y": 1836.669115}}