{"pectoral_line": {"x1": 792.114847012776, "y1": 10, "x2": 10, "y2": 1453.9043393432398}, "nipple": {"x": 645.49437, "y": 1880.629095}}