{"pectoral_line": {"x1": 654.7521396384602, "y1": 10, "x2": 10, "y2": 1999.8385379899323}, "nipple": {"x": 691.3842649999999, "y": 2142.8432549999998}}