{"pectoral_line": {"x1": 748.5317241616115, "y1": 10, "x2": 10, "y2": 1781.4056431500871}, "nipple": {"x": 1307.734695, "y": 2000.762465}}