{"pectoral_line": {"x1": 1446.5825224723842, "y1": 10, "x2": 2002, "y2": 1720.8481029419436}, "nipple": {"x": 1228.846595, "y": 2031.12213}}