{"pectoral_line": {"x1": 527.5595555628718, "y1": 10, "x2": 10, "y2": 2002.6042814773218}, "nipple": {"x": 1081.864995, "y": 2014.09597}}