{"pectoral_line": {"x1": 567.5729458279159, "y1": 10, "x2": 10, "y2": 1899.188287243514}, "nipple": {"x": 685.38087, "y": 1954.7362449999998}}