{"pectoral_line": {"x1": 653.198133499518, "y1": 10, "x2": 10, "y2": 1827.2899606440724}, "nipple": {"x": 1163.652725, "y": 2182.865955}}