{"pectoral_line": {"x1": 2286.298632149896, "y1": 10, "x2": 2790, "y2": 1569.6536293278873}, "nipple": {"x": 1951.3197, "y": 1882.69535}}