{"pectoral_line": {"x1": 405.7187639512756, "y1": 10, "x2": 10, "y2": 1720.3098734373393}, "nipple": {"x": 852.2735349999999, "y": 1917.55447}}