{"pectoral_line": {"x1": 629.5361283048928, "y1": 10, "x2": 10, "y2": 1351.2298250781496}, "nipple": {"x": 1057.67021, "y": 1704.814975}}