{"pectoral_line": {"x1": 2175.1002289941525, "y1": 10, "x2": 2790, "y2": 1971.711882141653}, "nipple": {"x": 1716.81759, "y": 2084.810285}}