{"pectoral_line": {"x1": 2202.370656918493, "y1": 10, "x2": 2790, "y2": 2291.384969299842}, "nipple": {"x": 2030.996145, "y": 1846.674815}}