{"pectoral_line": {"x1": 745.7615060469784, "y1": 10, "x2": 10, "y2": 1839.4044734384568}, "nipple": {"x": 714.2333, "y": 2312.538195}}