{"pectoral_line": {"x1": 592.1708391579983, "y1": 10, "x2": 10, "y2": 1688.6867657038488}, "nipple": {"x": 729.1605950000001, "y": 1674.95715}}