{"pectoral_line": {"x1": 2312.0490490851266, "y1": 10, "x2": 2790, "y2": 1796.8847954097284}, "nipple": {"x": 1983.3379, "y": 2180.864835}}