{"pectoral_line": {"x1": 2332.913326262856, "y1": 10, "x2": 2790, "y2": 1710.5590435842762}, "nipple": {"x": 1825.2479549999998, "y": 1874.690735}}