{"pectoral_line": {"x1": 1715.628166921394, "y1": 10, "x2": 2790, "y2": 1702.9495161247435}, "nipple": {"x": 1712.81533, "y": 1976.74876}}