{"pectoral_line": {"x1": 710.0489541959527, "y1": 10, "x2": 10, "y2": 2117.0779322362273}, "nipple": {"x": 849.0744550000001, "y": 1893.5612899999999}}