{"pectoral_line": {"x1": 2167.2424642857145, "y1": 10, "x2": 2802, "y2": 2231.651374999999}, "nipple": {"x": 1761.3589900000002, "y": 2506.432695}}