{"pectoral_line": {"x1": 1011.4365835724211, "y1": 10, "x2": 10, "y2": 1768.428018995901}, "nipple": {"x": 805.44912, "y": 2284.9239350000003}}