{"pectoral_line": {"x1": 942.3052401499551, "y1": 10, "x2": 10, "y2": 1682.2427490665327}, "nipple": {"x": 997.558355, "y": 1862.683945}}