{"pectoral_line": {"x1": 608.4164819344575, "y1": 10, "x2": 10, "y2": 1653.2706450624191}, "nipple": {"x": 781.43548, "y": 1990.756725}}