{"pectoral_line": {"x1": 2091.4652332218943, "y1": 10, "x2": 2790, "y2": 1618.4682070835527}, "nipple": {"x": 1772.849455, "y": 2006.7658499999998}}