{"pectoral_line": {"x1": 841.8271171453205, "y1": 10, "x2": 2790, "y2": 1867.3254834934203}, "nipple": {"x": 1996.976875, "y": 2196.8739299999997}}