{"pectoral_line": {"x1": 592.970994144455, "y1": 10, "x2": 10, "y2": 1905.9687171183962}, "nipple": {"x": 713.3967799999999, "y": 1764.628275}}