{"pectoral_line": {"x1": 1651.9071996369669, "y1": 10, "x2": 2790, "y2": 1646.0084766901107}, "nipple": {"x": 1786.8574, "y": 2308.93756}}