{"pectoral_line": {"x1": 620.9443284307395, "y1": 10, "x2": 10, "y2": 1716.91301332661}, "nipple": {"x": 965.540135, "y": 1756.623675}}