{"pectoral_line": {"x1": 2190.3213216978006, "y1": 10, "x2": 2790, "y2": 2116.3094222012764}, "nipple": {"x": 1860.899485, "y": 2018.77276}}