{"pectoral_line": {"x1": 2220.8453923304896, "y1": 10, "x2": 2790, "y2": 1776.3420722966666}, "nipple": {"x": 1882.91195, "y": 1660.5689849999999}}