{"pectoral_line": {"x1": 802.499696823606, "y1": 10, "x2": 10, "y2": 1991.2492652635808}, "nipple": {"x": 819.4570650000001, "y": 1962.74076}}