{"pectoral_line": {"x1": 882.0821720666476, "y1": 10, "x2": 10, "y2": 1934.595117141723}, "nipple": {"x": 939.42663, "y": 2124.881375}}