{"pectoral_line": {"x1": 2239.8369078435344, "y1": 10, "x2": 2790, "y2": 2126.4437314987795}, "nipple": {"x": 1974.964285, "y": 2070.80228}}