{"pectoral_line": {"x1": 821.9054873127554, "y1": 10, "x2": 2002, "y2": 1842.5507903738198}, "nipple": {"x": 908.9376050000001, "y": 1979.93668}}