{"pectoral_line": {"x1": 469.30664337166286, "y1": 10, "x2": 10, "y2": 1622.1663178902525}, "nipple": {"x": 905.505995, "y": 1998.76125}}