{"pectoral_line": {"x1": 677.2434089563199, "y1": 10, "x2": 10, "y2": 1525.8733839443712}, "nipple": {"x": 948.90113, "y": 1922.35316}}