{"pectoral_line": {"x1": 583.5762952938011, "y1": 10, "x2": 10, "y2": 1808.1440613515795}, "nipple": {"x": 991.43398, "y": 2128.694425}}