{"pectoral_line": {"x1": 761.5873188954788, "y1": 10, "x2": 10, "y2": 2176.5868918962997}, "nipple": {"x": 1157.78664, "y": 2261.45658}}