{"pectoral_line": {"x1": 1934.6599208383273, "y1": 10, "x2": 2790, "y2": 1770.6271953990893}, "nipple": {"x": 1794.8618900000001, "y": 2060.79663}}