{"pectoral_line": {"x1": 530.0068720335091, "y1": 10, "x2": 10, "y2": 1435.0188354985462}, "nipple": {"x": 997.558295, "y": 1780.637275}}