{"pectoral_line": {"x1": 466.0850890538965, "y1": 10, "x2": 10, "y2": 1912.658021605693}, "nipple": {"x": 812.27184, "y": 2176.862605}}