{"pectoral_line": {"x1": 2219.6552203796655, "y1": 10, "x2": 2790, "y2": 1486.1864996998981}, "nipple": {"x": 2034.99849, "y": 1814.6566699999998}}