{"pectoral_line": {"x1": 644.4071374982288, "y1": 10, "x2": 10, "y2": 2216.063008282259}, "nipple": {"x": 878.30937, "y": 2054.7931399999998}}