{"pectoral_line": {"x1": 1508.7022815689293, "y1": 10, "x2": 2790, "y2": 1801.0618289470883}, "nipple": {"x": 1846.891475, "y": 2210.88184}}