{"pectoral_line": {"x1": 437.6608844652558, "y1": 10, "x2": 10, "y2": 1598.4547040774282}, "nipple": {"x": 706.55134, "y": 1930.4417899999999}}