{"pectoral_line": {"x1": 2290.5505868151604, "y1": 10, "x2": 2790, "y2": 1605.0158851531082}, "nipple": {"x": 2050.3114299999997, "y": 1842.26564}}