{"pectoral_line": {"x1": 1234.5666878542593, "y1": 10, "x2": 2002, "y2": 1216.4937793471408}, "nipple": {"x": 912.136665, "y": 1741.60456}}