{"pectoral_line": {"x1": 2129.661190859959, "y1": 10, "x2": 2790, "y2": 2014.2678097312612}, "nipple": {"x": 1494.6913299999999, "y": 2212.8830150000003}}