{"pectoral_line": {"x1": 2181.7294412120286, "y1": 10, "x2": 2790, "y2": 1884.4664223977197}, "nipple": {"x": 1689.170615, "y": 2104.82159}}