{"pectoral_line": {"x1": 2062.1193569529496, "y1": 10, "x2": 2790, "y2": 1728.455053342393}, "nipple": {"x": 1796.863075, "y": 2052.792055}}