{"pectoral_line": {"x1": 1358.0657665205972, "y1": 10, "x2": 2002, "y2": 1753.2219809675908}, "nipple": {"x": 1161.665685, "y": 2167.0834}}