{"pectoral_line": {"x1": 732.1282698891966, "y1": 10, "x2": 10, "y2": 1845.8331368309857}, "nipple": {"x": 769.05957, "y": 2186.717085}}