{"pectoral_line": {"x1": 1224.3169526360007, "y1": 10, "x2": 10, "y2": 1672.0540668895287}, "nipple": {"x": 826.6807699999999, "y": 2029.52277}}