{"pectoral_line": {"x1": 676.9437499925469, "y1": 10, "x2": 10, "y2": 1804.8632970938365}, "nipple": {"x": 1039.58224, "y": 1940.7282249999998}}