{"pectoral_line": {"x1": 2434.9609742922376, "y1": 10, "x2": 2790, "y2": 1860.6410133990028}, "nipple": {"x": 1704.810745, "y": 2020.773775}}