{"pectoral_line": {"x1": 1993.6301061539243, "y1": 10, "x2": 2790, "y2": 1808.3960563128778}, "nipple": {"x": 1702.809585, "y": 2220.887595}}