{"pectoral_line": {"x1": 1919.7502399932837, "y1": 10, "x2": 2790, "y2": 1823.0204019832954}, "nipple": {"x": 1518.704945, "y": 2525.060575}}