{"pectoral_line": {"x1": 2090.8419473197473, "y1": 10, "x2": 2790, "y2": 1959.6846614776393}, "nipple": {"x": 1858.898315, "y": 2026.77716}}