{"pectoral_line": {"x1": 2329.605778354478, "y1": 10, "x2": 2790, "y2": 1966.6754321895103}, "nipple": {"x": 2047.005355, "y": 1994.759}}