{"pectoral_line": {"x1": 1394.6043153732794, "y1": 10, "x2": 2002, "y2": 1439.380260486299}, "nipple": {"x": 1190.752465, "y": 1917.55448}}