{"pectoral_line": {"x1": 2163.0642494785925, "y1": 10, "x2": 2790, "y2": 1723.9250699627296}, "nipple": {"x": 1878.909715, "y": 2252.905805}}