{"pectoral_line": {"x1": 614.7277488892825, "y1": 10, "x2": 10, "y2": 1770.1896956506155}, "nipple": {"x": 960.097945, "y": 2032.721775}}