{"pectoral_line": {"x1": 1805.4820704949054, "y1": 10, "x2": 2790, "y2": 1779.6401367930364}, "nipple": {"x": 1776.8517399999998, "y": 2272.9171199999996}}