{"pectoral_line": {"x1": 2220.1630241366165, "y1": 10, "x2": 2790, "y2": 1728.55595823561}, "nipple": {"x": 1848.892695, "y": 2046.7885800000001}}