{"pectoral_line": {"x1": 1871.3516917442726, "y1": 10, "x2": 2790, "y2": 1572.8954794277474}, "nipple": {"x": 2069.01779, "y": 2202.877315}}