{"pectoral_line": {"x1": 384.30792366274443, "y1": 10, "x2": 10, "y2": 1769.7334033543}, "nipple": {"x": 861.4809399999999, "y": 2032.7806699999999}}