{"pectoral_line": {"x1": 578.1718198564975, "y1": 10, "x2": 10, "y2": 1641.7894390985505}, "nipple": {"x": 929.519645, "y": 1908.71006}}