{"pectoral_line": {"x1": 1937.5279424472444, "y1": 10, "x2": 2790, "y2": 1988.6734165536025}, "nipple": {"x": 1871.2741500000002, "y": 2174.86151}}