{"pectoral_line": {"x1": 1898.8010281728054, "y1": 10, "x2": 2790, "y2": 1635.1276327451942}, "nipple": {"x": 1934.9415900000001, "y": 1764.628185}}