{"pectoral_line": {"x1": 684.8569069463085, "y1": 10, "x2": 10, "y2": 1713.2101806259705}, "nipple": {"x": 603.334195, "y": 1926.72029}}