{"pectoral_line": {"x1": 622.9778872111044, "y1": 10, "x2": 10, "y2": 1805.5918930190726}, "nipple": {"x": 941.526475, "y": 2120.830545}}