{"pectoral_line": {"x1": 1088.4368824994808, "y1": 10, "x2": 2002, "y2": 1850.273992818075}, "nipple": {"x": 1072.09115, "y": 2219.8684350000003}}