{"pectoral_line": {"x1": 2096.963946438232, "y1": 10, "x2": 2628, "y2": 1963.031793104601}, "nipple": {"x": 1737.112165, "y": 2257.991265}}