{"pectoral_line": {"x1": 2181.434877263319, "y1": 10, "x2": 2790, "y2": 1639.716954353187}, "nipple": {"x": 1880.91082, "y": 2014.77044}}