{"pectoral_line": {"x1": 2269.279770329685, "y1": 10, "x2": 2790, "y2": 2099.3899455404435}, "nipple": {"x": 1840.8881000000001, "y": 2162.854635}}