{"pectoral_line": {"x1": 1305.7184073767467, "y1": 10, "x2": 2002, "y2": 1599.1981380368466}, "nipple": {"x": 940.928495, "y": 2103.10169}}