{"pectoral_line": {"x1": 721.7599630238683, "y1": 10, "x2": 10, "y2": 1809.3291889420732}, "nipple": {"x": 934.9047800000001, "y": 2113.576755}}