{"pectoral_line": {"x1": 2324.944356013546, "y1": 10, "x2": 2790, "y2": 2166.6316682786783}, "nipple": {"x": 1562.72997, "y": 2170.85921}}