{"pectoral_line": {"x1": 441.1851725840742, "y1": 10, "x2": 10, "y2": 2105.76054360697}, "nipple": {"x": 1091.61179, "y": 1880.6941800000002}}