{"pectoral_line": {"x1": 1321.4505575111734, "y1": 10, "x2": 2002, "y2": 1708.65142533454}, "nipple": {"x": 1331.21745, "y": 1933.54991}}