{"pectoral_line": {"x1": 821.0552064487933, "y1": 10, "x2": 10, "y2": 1966.906505153444}, "nipple": {"x": 908.25761, "y": 2331.8366349999997}}