{"pectoral_line": {"x1": 2230.8226766547004, "y1": 10, "x2": 2790, "y2": 1738.366305372972}, "nipple": {"x": 1953.091685, "y": 2061.575465}}