{"pectoral_line": {"x1": 698.2893512397404, "y1": 10, "x2": 10, "y2": 1979.461612723292}, "nipple": {"x": 844.46779, "y": 1826.439165}}