{"pectoral_line": {"x1": 2192.3845005662533, "y1": 10, "x2": 2790, "y2": 1807.3398419276884}, "nipple": {"x": 1703.17861, "y": 1956.73742}}