{"pectoral_line": {"x1": 767.9079238284287, "y1": 10, "x2": 10, "y2": 2385.175972986246}, "nipple": {"x": 1029.576505, "y": 2607.107155}}