{"pectoral_line": {"x1": 2152.7833925124587, "y1": 10, "x2": 2790, "y2": 1814.5974101912377}, "nipple": {"x": 1878.909705, "y": 2212.8829400000004}}