{"pectoral_line": {"x1": 622.8377868868383, "y1": 10, "x2": 10, "y2": 1776.6964096123904}, "nipple": {"x": 813.453665, "y": 2010.7681149999999}}