{"pectoral_line": {"x1": 871.2683350551424, "y1": 10, "x2": 10, "y2": 1601.1566408449958}, "nipple": {"x": 993.5560449999999, "y": 1870.688505}}