{"pectoral_line": {"x1": 2032.3496705992811, "y1": 10, "x2": 2790, "y2": 1812.289452097309}, "nipple": {"x": 1870.90517, "y": 2000.76253}}