{"pectoral_line": {"x1": 698.0912493116147, "y1": 10, "x2": 10, "y2": 1735.287547673057}, "nipple": {"x": 773.43093, "y": 1740.61456}}