{"pectoral_line": {"x1": 2467.1526510296812, "y1": 10, "x2": 2790, "y2": 1988.008154912306}, "nipple": {"x": 2030.996205, "y": 1992.7579199999998}}