{"pectoral_line": {"x1": 1931.373652978464, "y1": 10, "x2": 2790, "y2": 2187.9791440045406}, "nipple": {"x": 2004.98134, "y": 2330.95004}}