{"pectoral_line": {"x1": 2148.9721966831967, "y1": 10, "x2": 2790, "y2": 1928.2995909377273}, "nipple": {"x": 1664.788015, "y": 2060.79652}}