{"pectoral_line": {"x1": 1140.3781309252026, "y1": 10, "x2": 10, "y2": 1792.007951703578}, "nipple": {"x": 885.48313, "y": 2168.389285}}