{"pectoral_line": {"x1": 395.84780473977906, "y1": 10, "x2": 10, "y2": 2314.2178499917804}, "nipple": {"x": 713.39677, "y": 2294.92967}}