{"pectoral_line": {"x1": 450.5972531363092, "y1": 10, "x2": 10, "y2": 1819.765069924786}, "nipple": {"x": 895.5002850000001, "y": 1650.563365}}