{"pectoral_line": {"x1": 1382.9954021213948, "y1": 10, "x2": 10, "y2": 1481.5356980063266}, "nipple": {"x": 895.50028, "y": 1826.663495}}