{"pectoral_line": {"x1": 683.824335584402, "y1": 10, "x2": 10, "y2": 2174.232458045014}, "nipple": {"x": 957.53555, "y": 2074.804505}}