{"pectoral_line": {"x1": 2104.673881034851, "y1": 10, "x2": 2790, "y2": 2056.1884709111346}, "nipple": {"x": 1538.716315, "y": 2485.03775}}