{"pectoral_line": {"x1": 2145.8731983796865, "y1": 10, "x2": 2790, "y2": 2169.718612630387}, "nipple": {"x": 1990.973415, "y": 2110.82503}}