{"pectoral_line": {"x1": 2246.208944463011, "y1": 10, "x2": 2790, "y2": 1955.7796626095442}, "nipple": {"x": 1844.9012149999999, "y": 2147.4905750000003}}