{"pectoral_line": {"x1": 1717.0528533859356, "y1": 10, "x2": 2790, "y2": 1472.3226843851323}, "nipple": {"x": 1962.95747, "y": 1658.567885}}