{"pectoral_line": {"x1": 487.00413670141324, "y1": 10, "x2": 10, "y2": 1789.5923654113674}, "nipple": {"x": 1337.7517149999999, "y": 2396.9876050000003}}