{"pectoral_line": {"x1": 2296.272895824722, "y1": 10, "x2": 2676, "y2": 2209.800008531649}, "nipple": {"x": 1970.86192, "y": 2380.1756450000003}}