{"pectoral_line": {"x1": 606.2611961316105, "y1": 10, "x2": 10, "y2": 1457.375971202214}, "nipple": {"x": 910.03463, "y": 1638.78235}}