{"pectoral_line": {"x1": 2159.2188850423977, "y1": 10, "x2": 2790, "y2": 1560.6705360751191}, "nipple": {"x": 1944.382, "y": 1833.221935}}