{"pectoral_line": {"x1": 794.1389437984517, "y1": 10, "x2": 10, "y2": 1598.5572368412843}, "nipple": {"x": 954.64441, "y": 2069.511235}}