{"pectoral_line": {"x1": 789.0956984347257, "y1": 10, "x2": 10, "y2": 1864.5797780616037}, "nipple": {"x": 583.32284, "y": 1866.686205}}