{"pectoral_line": {"x1": 2110.7387958258873, "y1": 10, "x2": 2790, "y2": 1804.2757625881409}, "nipple": {"x": 2002.9802750000001, "y": 2082.80911}}