{"pectoral_line": {"x1": 530.5683497212268, "y1": 10, "x2": 10, "y2": 2039.0334526833756}, "nipple": {"x": 835.4661699999999, "y": 1846.674835}}