{"pectoral_line": {"x1": 2123.507447692522, "y1": 10, "x2": 2790, "y2": 1748.8944067166894}, "nipple": {"x": 1642.775485, "y": 2250.90469}}