{"pectoral_line": {"x1": 1009.66637466935, "y1": 10, "x2": 10, "y2": 1631.6809282391375}, "nipple": {"x": 923.5161999999999, "y": 1882.69531}}