{"pectoral_line": {"x1": 1249.4053646356056, "y1": 10, "x2": 2002, "y2": 1363.8294505087542}, "nipple": {"x": 1360.009235, "y": 1818.3826299999998}}