{"pectoral_line": {"x1": 2019.9950068450357, "y1": 10, "x2": 2790, "y2": 2071.95965088577}, "nipple": {"x": 1676.7948000000001, "y": 2529.062785}}