{"pectoral_line": {"x1": 2108.4707207509446, "y1": 10, "x2": 2790, "y2": 2048.4473000965063}, "nipple": {"x": 1468.6764600000001, "y": 2210.881835}}