{"pectoral_line": {"x1": 1918.3848194980771, "y1": 10, "x2": 2790, "y2": 1918.1305485821438}, "nipple": {"x": 1722.8210000000001, "y": 2074.80447}}