{"pectoral_line": {"x1": 1473.2232543010427, "y1": 10, "x2": 2790, "y2": 1690.763882770507}, "nipple": {"x": 1918.932495, "y": 1990.756775}}