{"pectoral_line": {"x1": 617.0313583974552, "y1": 10, "x2": 10, "y2": 2046.3143038837834}, "nipple": {"x": 1137.63795, "y": 2334.952245}}