{"pectoral_line": {"x1": 453.4374557578329, "y1": 10, "x2": 10, "y2": 2238.413570653952}, "nipple": {"x": 907.507125, "y": 2094.81589}}