{"pectoral_line": {"x1": 1231.4378184383982, "y1": 10, "x2": 2002, "y2": 1578.1616387760175}, "nipple": {"x": 1108.342695, "y": 1843.031315}}