{"pectoral_line": {"x1": 1979.9093464126854, "y1": 10, "x2": 2790, "y2": 2123.2799878927394}, "nipple": {"x": 1806.131535, "y": 2111.315825}}