{"pectoral_line": {"x1": 1021.0178765022126, "y1": 10, "x2": 10, "y2": 1508.0326009899688}, "nipple": {"x": 647.35923, "y": 1578.5224199999998}}