{"pectoral_line": {"x1": 2471.8102196525297, "y1": 10, "x2": 2790, "y2": 1569.1299574788388}, "nipple": {"x": 2217.62004, "y": 1778.95973}}