{"pectoral_line": {"x1": 716.6557123646106, "y1": 10, "x2": 10, "y2": 1585.4946964468177}, "nipple": {"x": 911.456705, "y": 1992.733}}