{"pectoral_line": {"x1": 521.5042657506817, "y1": 10, "x2": 10, "y2": 1836.8009863700358}, "nipple": {"x": 809.45141, "y": 2056.794345}}