{"pectoral_line": {"x1": 662.0233882936891, "y1": 10, "x2": 10, "y2": 1467.8949857559574}, "nipple": {"x": 1079.4089199999999, "y": 2048.7171550000003}}