{"pectoral_line": {"x1": 2003.4796242036864, "y1": 10, "x2": 2790, "y2": 2180.323009979746}, "nipple": {"x": 1717.95545, "y": 2066.097315}}