{"pectoral_line": {"x1": 1275.9911991016738, "y1": 10, "x2": 2002, "y2": 1912.3759931383672}, "nipple": {"x": 968.12075, "y": 2147.88891}}