{"pectoral_line": {"x1": 884.391115503892, "y1": 10, "x2": 10, "y2": 2086.6789153859722}, "nipple": {"x": 1013.5674349999999, "y": 2250.90458}}