{"pectoral_line": {"x1": 1966.8559078800897, "y1": 10, "x2": 2790, "y2": 1637.3654964848065}, "nipple": {"x": 2020.9904749999998, "y": 1810.654305}}