{"pectoral_line": {"x1": 499.7362573040502, "y1": 10, "x2": 10, "y2": 2315.612222578557}, "nipple": {"x": 883.4934499999999, "y": 1830.665725}}