{"pectoral_line": {"x1": 2121.308624691751, "y1": 10, "x2": 2790, "y2": 1591.430689975709}, "nipple": {"x": 2039.000675, "y": 1924.719215}}