{"pectoral_line": {"x1": 2094.641420521993, "y1": 10, "x2": 2790, "y2": 1709.7654178578557}, "nipple": {"x": 1932.7433649999998, "y": 1948.5291300000001}}