{"pectoral_line": {"x1": 2001.4652650841467, "y1": 10, "x2": 2790, "y2": 1892.0687790788782}, "nipple": {"x": 2097.790865, "y": 1923.659015}}