{"pectoral_line": {"x1": 981.5445490725633, "y1": 10, "x2": 10, "y2": 1793.8194301325798}, "nipple": {"x": 995.5571649999999, "y": 2493.0422550000003}}