{"pectoral_line": {"x1": 390.6431090937429, "y1": 10, "x2": 10, "y2": 1705.592023557526}, "nipple": {"x": 920.333265, "y": 2016.771455}}