{"pectoral_line": {"x1": 608.970391250853, "y1": 10, "x2": 10, "y2": 1753.003836023217}, "nipple": {"x": 616.11434, "y": 1980.182155}}