{"pectoral_line": {"x1": 484.4725280717129, "y1": 10, "x2": 10, "y2": 1862.2677240053733}, "nipple": {"x": 767.42751, "y": 1780.6373350000001}}