{"pectoral_line": {"x1": 830.976537356807, "y1": 10, "x2": 10, "y2": 1306.5766768432768}, "nipple": {"x": 933.521925, "y": 1938.72719}}