{"pectoral_line": {"x1": 785.2022903113588, "y1": 10, "x2": 10, "y2": 1801.4734138154718}, "nipple": {"x": 969.04033, "y": 2079.1085550000003}}