{"pectoral_line": {"x1": 762.1452428452524, "y1": 10, "x2": 10, "y2": 1781.8319962200076}, "nipple": {"x": 623.3455849999999, "y": 1900.705545}}