{"pectoral_line": {"x1": 1953.6037495674639, "y1": 10, "x2": 2790, "y2": 1697.9999156651602}, "nipple": {"x": 1952.951795, "y": 2124.83298}}