{"pectoral_line": {"x1": 734.5667033457412, "y1": 10, "x2": 10, "y2": 2009.0278139659245}, "nipple": {"x": 984.837235, "y": 2370.7330349999997}}