{"pectoral_line": {"x1": 672.9541569595708, "y1": 10, "x2": 10, "y2": 1654.7335871128244}, "nipple": {"x": 771.4297799999999, "y": 1968.74427}}