{"pectoral_line": {"x1": 732.126944228712, "y1": 10, "x2": 10, "y2": 1952.4655309878094}, "nipple": {"x": 1032.12463, "y": 2041.2271349999999}}