{"pectoral_line": {"x1": 2482.52860715204, "y1": 10, "x2": 2790, "y2": 2400.4815036199802}, "nipple": {"x": 1988.972335, "y": 1864.685105}}