{"pectoral_line": {"x1": 473.0683623964268, "y1": 10, "x2": 10, "y2": 1322.0270214561876}, "nipple": {"x": 900.990935, "y": 1681.739935}}