{"pectoral_line": {"x1": 1969.5963313353823, "y1": 10, "x2": 2790, "y2": 1546.3925635388082}, "nipple": {"x": 2081.39358, "y": 1924.719195}}