{"pectoral_line": {"x1": 543.3659214402483, "y1": 10, "x2": 10, "y2": 1835.9373889306864}, "nipple": {"x": 1139.6391399999998, "y": 2116.828425}}