{"pectoral_line": {"x1": 2338.715470179236, "y1": 10, "x2": 2790, "y2": 1579.0008531105377}, "nipple": {"x": 2010.98477, "y": 1792.6441399999999}}