{"pectoral_line": {"x1": 1049.926659597378, "y1": 10, "x2": 10, "y2": 1563.4906174030555}, "nipple": {"x": 621.344475, "y": 2080.8079350000003}}