{"pectoral_line": {"x1": 782.9924198977485, "y1": 10, "x2": 10, "y2": 1813.6488223895217}, "nipple": {"x": 935.523065, "y": 1998.761305}}