{"pectoral_line": {"x1": 688.4267255931968, "y1": 10, "x2": 10, "y2": 1669.3316067353512}, "nipple": {"x": 831.8014250000001, "y": 1790.26435}}