{"pectoral_line": {"x1": 1998.7074572498577, "y1": 10, "x2": 2790, "y2": 1434.3265823043255}, "nipple": {"x": 2075.925, "y": 1837.0529700000002}}