{"pectoral_line": {"x1": 2272.757932297376, "y1": 10, "x2": 2790, "y2": 2366.9187254298186}, "nipple": {"x": 2089.029145, "y": 2318.943425}}