{"pectoral_line": {"x1": 1082.3522519059493, "y1": 10, "x2": 10, "y2": 2035.554136321889}, "nipple": {"x": 685.380825, "y": 2084.810205}}