{"pectoral_line": {"x1": 584.1181578713242, "y1": 10, "x2": 10, "y2": 1800.229896909609}, "nipple": {"x": 1073.601585, "y": 2230.893165}}