{"pectoral_line": {"x1": 1770.555959601257, "y1": 10, "x2": 2790, "y2": 1696.5502659327622}, "nipple": {"x": 1918.93242, "y": 2160.85332}}