{"pectoral_line": {"x1": 822.9606561831594, "y1": 10, "x2": 10, "y2": 2134.537128589314}, "nipple": {"x": 751.41841, "y": 2116.828375}}