{"pectoral_line": {"x1": 600.1655971956559, "y1": 10, "x2": 10, "y2": 1893.760843772746}, "nipple": {"x": 548.3600200000001, "y": 1904.758115}}