{"pectoral_line": {"x1": 429.6406625916256, "y1": 10, "x2": 10, "y2": 1767.8281102799274}, "nipple": {"x": 599.33194, "y": 1940.72827}}