{"pectoral_line": {"x1": 528.1266284384869, "y1": 10, "x2": 10, "y2": 1982.2239611635953}, "nipple": {"x": 653.3626449999999, "y": 1994.75911}}