{"pectoral_line": {"x1": 508.95183853214434, "y1": 10, "x2": 10, "y2": 1847.2618648111827}, "nipple": {"x": 1021.57197, "y": 2004.7647100000002}}