{"pectoral_line": {"x1": 1999.2806858027113, "y1": 10, "x2": 2790, "y2": 1805.7457239594132}, "nipple": {"x": 1974.964245, "y": 2122.83188}}