{"pectoral_line": {"x1": 1201.5930042878667, "y1": 10, "x2": 2002, "y2": 1532.85236415824}, "nipple": {"x": 1195.088155, "y": 2097.846195}}