{"pectoral_line": {"x1": 2196.2927955097252, "y1": 10, "x2": 2790, "y2": 1816.657421448}, "nipple": {"x": 1846.89149, "y": 1954.736295}}