{"pectoral_line": {"x1": 2224.222523238856, "y1": 10, "x2": 2790, "y2": 1592.537008529735}, "nipple": {"x": 2002.9802750000001, "y": 2038.783995}}