{"pectoral_line": {"x1": 567.3559481626451, "y1": 10, "x2": 10, "y2": 1569.6599304300082}, "nipple": {"x": 1265.71075, "y": 2138.8409}}