{"pectoral_line": {"x1": 2170.705997397532, "y1": 10, "x2": 2790, "y2": 1856.1977377926708}, "nipple": {"x": 2063.01439, "y": 2174.8614700000003}}