{"pectoral_line": {"x1": 870.6361914441028, "y1": 10, "x2": 10, "y2": 1762.9522019046226}, "nipple": {"x": 887.49574, "y": 2172.860345}}