{"pectoral_line": {"x1": 1241.8440711120722, "y1": 10, "x2": 2002, "y2": 1848.75557116701}, "nipple": {"x": 1067.292525, "y": 2247.0606749999997}}