{"pectoral_line": {"x1": 709.6950866297407, "y1": 10, "x2": 10, "y2": 1767.2246012101468}, "nipple": {"x": 987.55264, "y": 2240.898985}}