{"pectoral_line": {"x1": 2177.338841254646, "y1": 10, "x2": 2790, "y2": 1712.4911069964537}, "nipple": {"x": 2043.37195, "y": 2074.804575}}