{"pectoral_line": {"x1": 1379.8029013774972, "y1": 10, "x2": 2790, "y2": 1932.996057454332}, "nipple": {"x": 1840.045425, "y": 2206.2746349999998}}