{"pectoral_line": {"x1": 1357.7940085951905, "y1": 10, "x2": 2002, "y2": 1650.830557661755}, "nipple": {"x": 1303.520035, "y": 2050.8590750000003}}