{"pectoral_line": {"x1": 440.0390012829961, "y1": 10, "x2": 10, "y2": 1884.52901138784}, "nipple": {"x": 861.48096, "y": 1948.732855}}