{"pectoral_line": {"x1": 2054.672544927275, "y1": 10, "x2": 2790, "y2": 1845.3295088871844}, "nipple": {"x": 1887.5248550000001, "y": 2188.18729}}