{"pectoral_line": {"x1": 2164.646343219307, "y1": 10, "x2": 2790, "y2": 2020.4827807316249}, "nipple": {"x": 1960.956365, "y": 2010.76808}}