{"pectoral_line": {"x1": 1098.5844625244717, "y1": 10, "x2": 2002, "y2": 1646.554036152128}, "nipple": {"x": 954.7308549999999, "y": 2262.3012049999998}}