{"pectoral_line": {"x1": 462.5719354844085, "y1": 10, "x2": 10, "y2": 1985.3433855305298}, "nipple": {"x": 1030.017245, "y": 1799.6585049999999}}