{"pectoral_line": {"x1": 605.847514484508, "y1": 10, "x2": 10, "y2": 1735.1203983868968}, "nipple": {"x": 819.5976049999999, "y": 1968.877525}}