{"pectoral_line": {"x1": 670.7609775213245, "y1": 10, "x2": 10, "y2": 1524.667465842178}, "nipple": {"x": 873.85982, "y": 1713.392885}}