{"pectoral_line": {"x1": 761.3925044939698, "y1": 10, "x2": 10, "y2": 1703.92880655953}, "nipple": {"x": 1001.560565, "y": 2134.83865}}