{"pectoral_line": {"x1": 577.8158547465863, "y1": 10, "x2": 10, "y2": 1641.9117246206265}, "nipple": {"x": 877.49002, "y": 1874.69076}}