{"pectoral_line": {"x1": 2149.8975781945337, "y1": 10, "x2": 2790, "y2": 1668.7001877110438}, "nipple": {"x": 2002.98021, "y": 1962.7408599999999}}