{"pectoral_line": {"x1": 714.1609376225585, "y1": 10, "x2": 10, "y2": 1970.505619064017}, "nipple": {"x": 1030.3958599999999, "y": 2254.9068399999996}}