{"pectoral_line": {"x1": 2256.6197544755055, "y1": 10, "x2": 2790, "y2": 1851.939817069931}, "nipple": {"x": 1996.049275, "y": 1715.65381}}