{"pectoral_line": {"x1": 2294.3433514791463, "y1": 10, "x2": 2790, "y2": 2279.0072682793834}, "nipple": {"x": 2109.04049, "y": 2030.779525}}