{"pectoral_line": {"x1": 2299.0126800014627, "y1": 10, "x2": 2790, "y2": 1996.0658297235923}, "nipple": {"x": 1832.883585, "y": 2242.90016}}