{"pectoral_line": {"x1": 1916.8697699963373, "y1": 10, "x2": 2790, "y2": 1442.326419693063}, "nipple": {"x": 1867.1765300000002, "y": 1573.2155}}