{"pectoral_line": {"x1": 822.0343967521679, "y1": 10, "x2": 10, "y2": 1674.2242860203908}, "nipple": {"x": 905.5059799999999, "y": 1932.72382}}