{"pectoral_line": {"x1": 496.9623061578755, "y1": 10, "x2": 10, "y2": 1851.3262387408893}, "nipple": {"x": 1002.630805, "y": 1939.9480549999998}}