{"pectoral_line": {"x1": 2074.2243708926335, "y1": 10, "x2": 2790, "y2": 1470.8862926507668}, "nipple": {"x": 2032.22408, "y": 1720.1756699999999}}