{"pectoral_line": {"x1": 623.8006294537129, "y1": 10, "x2": 10, "y2": 1196.0658979945567}, "nipple": {"x": 949.531005, "y": 1684.5826849999999}}