{"pectoral_line": {"x1": 609.8817394880152, "y1": 10, "x2": 10, "y2": 1916.992454619054}, "nipple": {"x": 1088.64777, "y": 2020.878805}}