{"pectoral_line": {"x1": 1864.4159473514974, "y1": 10, "x2": 2790, "y2": 1681.3399975423124}, "nipple": {"x": 1566.732205, "y": 2044.7874800000002}}