{"pectoral_line": {"x1": 644.1523765140031, "y1": 10, "x2": 10, "y2": 2061.6693635125516}, "nipple": {"x": 1217.68341, "y": 2046.788635}}