{"pectoral_line": {"x1": 2158.6076415892726, "y1": 10, "x2": 2790, "y2": 1656.1300571628722}, "nipple": {"x": 2175.0779749999997, "y": 2006.7658549999999}}