{"pectoral_line": {"x1": 404.0663203648601, "y1": 10, "x2": 10, "y2": 1848.9763402262552}, "nipple": {"x": 730.4861000000001, "y": 1777.427155}}