{"pectoral_line": {"x1": 2092.9208146580445, "y1": 10, "x2": 2790, "y2": 1697.0487924417107}, "nipple": {"x": 2039.3696949999999, "y": 2076.80567}}