{"pectoral_line": {"x1": 2038.0172236588312, "y1": 10, "x2": 2790, "y2": 1597.5191932771734}, "nipple": {"x": 1792.86079, "y": 1906.708985}}