{"pectoral_line": {"x1": 2046.9894638019928, "y1": 10, "x2": 2790, "y2": 1990.7474065022323}, "nipple": {"x": 1812.872205, "y": 1912.7124000000001}}