{"pectoral_line": {"x1": 1368.0833814360979, "y1": 10, "x2": 2002, "y2": 1477.3173681475357}, "nipple": {"x": 1083.287995, "y": 2018.32583}}