{"pectoral_line": {"x1": 905.5565867770852, "y1": 10, "x2": 10, "y2": 1888.3724369961187}, "nipple": {"x": 941.848015, "y": 2151.087995}}