{"pectoral_line": {"x1": 2289.6794579957464, "y1": 10, "x2": 2790, "y2": 1547.27520577134}, "nipple": {"x": 1969.3299200000001, "y": 1990.756775}}