{"pectoral_line": {"x1": 2036.3872801730733, "y1": 10, "x2": 2790, "y2": 2021.9385349321196}, "nipple": {"x": 1935.004225, "y": 1840.004705}}