{"pectoral_line": {"x1": 1161.5282217359215, "y1": 10, "x2": 10, "y2": 2062.3837920098463}, "nipple": {"x": 1211.68003, "y": 2581.092305}}