{"pectoral_line": {"x1": 2047.8440893063203, "y1": 10, "x2": 2790, "y2": 1886.9362449425369}, "nipple": {"x": 1717.95545, "y": 2050.27084}}