{"pectoral_line": {"x1": 2008.717961401541, "y1": 10, "x2": 2790, "y2": 1689.0710555760947}, "nipple": {"x": 2120.400175, "y": 2057.05356}}