{"pectoral_line": {"x1": 1934.5847782129263, "y1": 10, "x2": 2790, "y2": 1974.97550574515}, "nipple": {"x": 1962.9575, "y": 2056.794345}}