{"pectoral_line": {"x1": 553.4404497419296, "y1": 10, "x2": 10, "y2": 1891.7639468874354}, "nipple": {"x": 1162.4709400000002, "y": 2126.834155}}