{"pectoral_line": {"x1": 211.1031583583389, "y1": 10, "x2": 10, "y2": 2995.125171755256}, "nipple": {"x": 857.4786999999999, "y": 2000.762495}}