{"pectoral_line": {"x1": 1180.3561763649402, "y1": 10, "x2": 2002, "y2": 1556.1039521308212}, "nipple": {"x": 1446.38468, "y": 1925.552185}}