{"pectoral_line": {"x1": 712.8235018775565, "y1": 10, "x2": 10, "y2": 1909.019771510885}, "nipple": {"x": 845.4718849999999, "y": 2318.943225}}