{"pectoral_line": {"x1": 2223.748893873099, "y1": 10, "x2": 2790, "y2": 1539.8712529864963}, "nipple": {"x": 1754.839205, "y": 2076.80567}}