{"pectoral_line": {"x1": 616.1614445839704, "y1": 10, "x2": 10, "y2": 1798.6031432154698}, "nipple": {"x": 551.30461, "y": 1748.619075}}