{"pectoral_line": {"x1": 497.5276649865011, "y1": 10, "x2": 10, "y2": 2053.5534495437514}, "nipple": {"x": 850.293445, "y": 1918.715775}}