{"pectoral_line": {"x1": 2093.6682451870074, "y1": 10, "x2": 2790, "y2": 1841.6552673672925}, "nipple": {"x": 1609.431085, "y": 2194.9699499999997}}