{"pectoral_line": {"x1": 2084.926859483722, "y1": 10, "x2": 2790, "y2": 1535.979736151981}, "nipple": {"x": 1772.8494249999999, "y": 2198.8750050000003}}