{"pectoral_line": {"x1": 719.3764273186513, "y1": 10, "x2": 10, "y2": 1739.4284932771739}, "nipple": {"x": 415.59776, "y": 1835.9776849999998}}