{"pectoral_line": {"x1": 2049.920092059379, "y1": 10, "x2": 2790, "y2": 1817.1718767277785}, "nipple": {"x": 1856.8971999999999, "y": 1982.752185}}