{"pectoral_line": {"x1": 2070.539388567129, "y1": 10, "x2": 2790, "y2": 2016.5694626287238}, "nipple": {"x": 1872.906305, "y": 2406.993295}}