{"pectoral_line": {"x1": 1217.3314460304543, "y1": 10, "x2": 2002, "y2": 2039.729393775332}, "nipple": {"x": 1182.4597899999999, "y": 2215.06982}}