{"pectoral_line": {"x1": 2188.560275396317, "y1": 10, "x2": 2790, "y2": 1589.8381325491937}, "nipple": {"x": 1879.278665, "y": 2090.8136250000002}}