{"pectoral_line": {"x1": 2248.449499081497, "y1": 10, "x2": 2790, "y2": 1659.8398749732573}, "nipple": {"x": 1801.23433, "y": 2098.818185}}