{"pectoral_line": {"x1": 659.1403493302817, "y1": 10, "x2": 10, "y2": 1712.1902405444866}, "nipple": {"x": 593.3285099999999, "y": 1912.71235}}