{"pectoral_line": {"x1": 2135.391988608893, "y1": 10, "x2": 2790, "y2": 2218.5367431678255}, "nipple": {"x": 2067.016635, "y": 1996.760215}}