{"pectoral_line": {"x1": 821.9494078981286, "y1": 10, "x2": 10, "y2": 1812.6297234855863}, "nipple": {"x": 925.51739, "y": 1966.743065}}