{"pectoral_line": {"x1": 1763.583525322475, "y1": 10, "x2": 2002, "y2": 1545.6828521840998}, "nipple": {"x": 694.59857, "y": 1797.588635}}