{"pectoral_line": {"x1": 846.7714118658204, "y1": 10, "x2": 10, "y2": 1776.517284929974}, "nipple": {"x": 1157.6493500000001, "y": 1978.74991}}