{"pectoral_line": {"x1": 867.1155225823684, "y1": 10, "x2": 10, "y2": 1588.0538053202788}, "nipple": {"x": 952.99219, "y": 2036.705285}}