{"pectoral_line": {"x1": 1698.6589311390242, "y1": 10, "x2": 2790, "y2": 1871.902015173577}, "nipple": {"x": 1984.969995, "y": 1988.75569}}