{"pectoral_line": {"x1": 1330.604191016609, "y1": 10, "x2": 2002, "y2": 1374.566611803834}, "nipple": {"x": 1177.2832349999999, "y": 1805.080125}}