{"pectoral_line": {"x1": 1812.9951522713543, "y1": 10, "x2": 2790, "y2": 1932.8948542512258}, "nipple": {"x": 1848.8927099999999, "y": 2370.9729700000003}}