{"pectoral_line": {"x1": 1108.4354074439357, "y1": 10, "x2": 2002, "y2": 1885.6425455449405}, "nipple": {"x": 1027.30399, "y": 2146.289445}}