{"pectoral_line": {"x1": 830.9979575782315, "y1": 10, "x2": 2002, "y2": 1797.5366437942705}, "nipple": {"x": 932.930785, "y": 2031.122155}}