{"pectoral_line": {"x1": 521.7592891365122, "y1": 10, "x2": 10, "y2": 1575.381335425398}, "nipple": {"x": 708.81227, "y": 1763.133245}}