{"pectoral_line": {"x1": 669.6635027945117, "y1": 10, "x2": 10, "y2": 1739.668860743733}, "nipple": {"x": 727.40476, "y": 1822.661105}}