{"pectoral_line": {"x1": 737.1249663605462, "y1": 10, "x2": 10, "y2": 1895.1387927037422}, "nipple": {"x": 651.36151, "y": 1696.5895249999999}}