{"pectoral_line": {"x1": 2120.690530757174, "y1": 10, "x2": 2790, "y2": 1866.386623842474}, "nipple": {"x": 1910.927905, "y": 2162.85454}}