{"pectoral_line": {"x1": 890.9611903621275, "y1": 10, "x2": 10, "y2": 1789.9010678413695}, "nipple": {"x": 729.108565, "y": 1786.3918}}