{"pectoral_line": {"x1": 918.2708149242924, "y1": 10, "x2": 2002, "y2": 2036.3003027027055}, "nipple": {"x": 1017.706635, "y": 2336.635245}}