{"pectoral_line": {"x1": 2153.4498941553406, "y1": 10, "x2": 2790, "y2": 2193.1309311314067}, "nipple": {"x": 1802.8665199999998, "y": 2088.81257}}