{"pectoral_line": {"x1": 2251.094087881505, "y1": 10, "x2": 2660, "y2": 2034.084254980921}, "nipple": {"x": 1933.1396300000001, "y": 2168.833915}}