{"pectoral_line": {"x1": 574.6646639914485, "y1": 10, "x2": 10, "y2": 1530.2510940948603}, "nipple": {"x": 744.2259750000001, "y": 1628.74218}}