{"pectoral_line": {"x1": 1972.2838847360763, "y1": 10, "x2": 2790, "y2": 1670.6627202259874}, "nipple": {"x": 1894.9188499999998, "y": 1920.716875}}