{"pectoral_line": {"x1": 2143.492216025152, "y1": 10, "x2": 2790, "y2": 1810.9859714678676}, "nipple": {"x": 2052.57235, "y": 2032.18344}}