{"pectoral_line": {"x1": 622.8884229055471, "y1": 10, "x2": 10, "y2": 1856.6768801321462}, "nipple": {"x": 869.176605, "y": 2405.0698350000002}}