{"pectoral_line": {"x1": 2249.9826985680297, "y1": 10, "x2": 2790, "y2": 2220.5385866361758}, "nipple": {"x": 1894.918825, "y": 2050.790925}}