{"pectoral_line": {"x1": 270.8161500990658, "y1": 10, "x2": 10, "y2": 2234.0503690339465}, "nipple": {"x": 655.363785, "y": 1826.66342}}