{"pectoral_line": {"x1": 2080.995556683788, "y1": 10, "x2": 2790, "y2": 1862.0932315201524}, "nipple": {"x": 1745.08661, "y": 2181.404445}}