{"pectoral_line": {"x1": 572.111846086999, "y1": 10, "x2": 10, "y2": 1896.317656697609}, "nipple": {"x": 1109.6220950000002, "y": 2298.9318700000003}}