{"pectoral_line": {"x1": 1006.7435617753672, "y1": 10, "x2": 10, "y2": 1863.1009519358552}, "nipple": {"x": 949.5309950000001, "y": 2122.831865}}