{"pectoral_line": {"x1": 2335.544826449231, "y1": 10, "x2": 2790, "y2": 1790.722315526275}, "nipple": {"x": 1840.887995, "y": 2004.76469}}