{"pectoral_line": {"x1": 2296.460854318934, "y1": 10, "x2": 2790, "y2": 1609.316729617085}, "nipple": {"x": 2077.44259, "y": 1819.6563800000001}}