{"pectoral_line": {"x1": 692.6048698968275, "y1": 10, "x2": 10, "y2": 1750.9555327487028}, "nipple": {"x": 794.72743, "y": 1749.5676950000002}}