{"pectoral_line": {"x1": 496.17881851639976, "y1": 10, "x2": 10, "y2": 1719.8198995001862}, "nipple": {"x": 902.3230249999999, "y": 2008.76705}}