{"pectoral_line": {"x1": 1000.3867049675245, "y1": 10, "x2": 2002, "y2": 2055.1549021983674}, "nipple": {"x": 1232.04566, "y": 2210.271185}}