{"pectoral_line": {"x1": 751.6281378249732, "y1": 10, "x2": 10, "y2": 1723.8844329565493}, "nipple": {"x": 989.55375, "y": 2150.847705}}