{"pectoral_line": {"x1": 442.4363506396424, "y1": 10, "x2": 10, "y2": 2082.7119793736706}, "nipple": {"x": 612.34181, "y": 2016.7262249999999}}