{"pectoral_line": {"x1": 1941.3814192756286, "y1": 10, "x2": 2790, "y2": 1659.3312538103087}, "nipple": {"x": 2050.3114299999997, "y": 2000.530475}}