{"pectoral_line": {"x1": 2110.7418249509956, "y1": 10, "x2": 2790, "y2": 2181.0867539251976}, "nipple": {"x": 1878.90972, "y": 2270.916065}}