{"pectoral_line": {"x1": 1574.9833257978187, "y1": 10, "x2": 2790, "y2": 1832.5252740180495}, "nipple": {"x": 1766.846065, "y": 2152.848905}}