{"pectoral_line": {"x1": 849.2919564005676, "y1": 10, "x2": 10, "y2": 1776.9305498364859}, "nipple": {"x": 1544.25919, "y": 2223.37241}}