{"pectoral_line": {"x1": 838.1628167311574, "y1": 10, "x2": 10, "y2": 1716.517327733756}, "nipple": {"x": 744.98707, "y": 1944.007345}}