{"pectoral_line": {"x1": 854.5882752852467, "y1": 10, "x2": 10, "y2": 1694.510323189135}, "nipple": {"x": 1053.59011, "y": 2130.836355}}