{"pectoral_line": {"x1": 532.863671133096, "y1": 10, "x2": 10, "y2": 1511.7588145062816}, "nipple": {"x": 970.379655, "y": 1833.995275}}