{"pectoral_line": {"x1": 635.1576707599411, "y1": 10, "x2": 10, "y2": 1579.1043285971102}, "nipple": {"x": 1015.5685550000001, "y": 1956.73741}}