{"pectoral_line": {"x1": 648.4108178836431, "y1": 10, "x2": 10, "y2": 1554.3908852746072}, "nipple": {"x": 807.4502399999999, "y": 1892.701}}