{"pectoral_line": {"x1": 1832.6470474045482, "y1": 10, "x2": 2790, "y2": 1945.636813196844}, "nipple": {"x": 1996.04928, "y": 1821.917305}}