{"pectoral_line": {"x1": 1878.8151010674092, "y1": 10, "x2": 2790, "y2": 1881.1917688205885}, "nipple": {"x": 1916.9313300000001, "y": 2252.9058400000004}}