{"pectoral_line": {"x1": 1082.1362435629756, "y1": 10, "x2": 2002, "y2": 1719.3824079495137}, "nipple": {"x": 1046.49843, "y": 2141.4908}}