{"pectoral_line": {"x1": 1586.3451809884123, "y1": 10, "x2": 2612, "y2": 1868.9992736344736}, "nipple": {"x": 1889.944545, "y": 1959.8616550000002}}