{"pectoral_line": {"x1": 1382.0974734043805, "y1": 10, "x2": 2002, "y2": 2059.182680346208}, "nipple": {"x": 1301.979915, "y": 2088.810215}}