{"pectoral_line": {"x1": 719.939550836265, "y1": 10, "x2": 10, "y2": 1941.276246117145}, "nipple": {"x": 784.32199, "y": 1765.394165}}