{"pectoral_line": {"x1": 1484.7164578934937, "y1": 10, "x2": 2002, "y2": 1491.7670572523402}, "nipple": {"x": 761.779445, "y": 1853.5726550000002}}