{"pectoral_line": {"x1": 1294.6553403123146, "y1": 10, "x2": 2002, "y2": 1543.7435333391923}, "nipple": {"x": 1209.652055, "y": 2007.12902}}