{"pectoral_line": {"x1": 697.5533247138279, "y1": 10, "x2": 10, "y2": 1425.5509641334625}, "nipple": {"x": 1036.22118, "y": 1927.151695}}