{"pectoral_line": {"x1": 523.5570496391343, "y1": 10, "x2": 10, "y2": 1554.561744972589}, "nipple": {"x": 1272.953825, "y": 1859.9708150000001}}