{"pectoral_line": {"x1": 958.71919831477, "y1": 10, "x2": 10, "y2": 1825.5345875728265}, "nipple": {"x": 907.507125, "y": 2096.8170450000002}}