{"pectoral_line": {"x1": 462.36480592532354, "y1": 10, "x2": 10, "y2": 1973.674485312688}, "nipple": {"x": 1176.478915, "y": 1902.7067299999999}}