{"pectoral_line": {"x1": 621.5380045552952, "y1": 10, "x2": 10, "y2": 1849.8408215718648}, "nipple": {"x": 1023.0809350000001, "y": 2061.575405}}