{"pectoral_line": {"x1": 648.4639297439275, "y1": 10, "x2": 10, "y2": 1950.3317702857996}, "nipple": {"x": 1016.29816, "y": 2100.0111349999997}}