{"pectoral_line": {"x1": 2475.719898860456, "y1": 10, "x2": 2790, "y2": 1867.1609904014113}, "nipple": {"x": 2111.0416450000002, "y": 1742.6156600000002}}