{"pectoral_line": {"x1": 657.7468798186969, "y1": 10, "x2": 10, "y2": 2211.4006384127038}, "nipple": {"x": 1045.585625, "y": 2196.87399}}