{"pectoral_line": {"x1": 1838.9802076558326, "y1": 10, "x2": 2790, "y2": 1776.8454871985214}, "nipple": {"x": 2030.9962150000001, "y": 1876.6919149999999}}