{"pectoral_line": {"x1": 2165.820365711368, "y1": 10, "x2": 2790, "y2": 1436.0104458298272}, "nipple": {"x": 1894.91886, "y": 1676.57809}}