{"pectoral_line": {"x1": 2114.814488734478, "y1": 10, "x2": 2790, "y2": 1866.7601325495712}, "nipple": {"x": 2041.00189, "y": 1824.6623049999998}}