{"pectoral_line": {"x1": 1081.7279198282222, "y1": 10, "x2": 10, "y2": 1997.4446696154623}, "nipple": {"x": 1065.597, "y": 2344.95806}}