{"pectoral_line": {"x1": 2075.9381620089175, "y1": 10, "x2": 2790, "y2": 1715.0048071398062}, "nipple": {"x": 1817.436165, "y": 1993.747705}}