{"pectoral_line": {"x1": 787.4392853439201, "y1": 10, "x2": 10, "y2": 2025.5833077255788}, "nipple": {"x": 735.4092899999999, "y": 1992.7578600000002}}