{"pectoral_line": {"x1": 1903.0508673892741, "y1": 10, "x2": 2790, "y2": 1724.3270675343854}, "nipple": {"x": 2023.36063, "y": 2078.806775}}