{"pectoral_line": {"x1": 2120.9294764148844, "y1": 10, "x2": 2790, "y2": 1427.792328408687}, "nipple": {"x": 1948.949475, "y": 1866.68624}}