{"pectoral_line": {"x1": 2141.225688871438, "y1": 10, "x2": 2790, "y2": 1753.9529885665684}, "nipple": {"x": 2063.8769700000003, "y": 1973.399375}}