{"pectoral_line": {"x1": 603.7788475938132, "y1": 10, "x2": 10, "y2": 1499.2356817176508}, "nipple": {"x": 859.479805, "y": 1774.633895}}