{"pectoral_line": {"x1": 2168.4462866600093, "y1": 10, "x2": 2790, "y2": 1696.0741746119068}, "nipple": {"x": 1536.7152, "y": 2328.94906}}