{"pectoral_line": {"x1": 2093.004975637016, "y1": 10, "x2": 2790, "y2": 1845.9869044945037}, "nipple": {"x": 2067.016665, "y": 2094.81599}}