{"pectoral_line": {"x1": 2192.736063372969, "y1": 10, "x2": 2790, "y2": 1928.1361094105373}, "nipple": {"x": 2259.12581, "y": 1930.7226249999999}}