{"pectoral_line": {"x1": 1256.2004002631058, "y1": 10, "x2": 2002, "y2": 1593.241014726948}, "nipple": {"x": 1190.752485, "y": 1987.93439}}