{"pectoral_line": {"x1": 2234.415130556478, "y1": 10, "x2": 2790, "y2": 2095.580135809654}, "nipple": {"x": 1684.799365, "y": 2352.9626150000004}}