{"pectoral_line": {"x1": 700.3800915159896, "y1": 10, "x2": 10, "y2": 1729.5578077074438}, "nipple": {"x": 1192.65037, "y": 2072.88009}}