{"pectoral_line": {"x1": 2108.9749856163353, "y1": 10, "x2": 2790, "y2": 1839.8248661580044}, "nipple": {"x": 2012.98592, "y": 1796.64651}}