{"pectoral_line": {"x1": 747.4586353745821, "y1": 10, "x2": 10, "y2": 1447.6301231019302}, "nipple": {"x": 485.977735, "y": 1698.4167699999998}}