{"pectoral_line": {"x1": 1038.881871583877, "y1": 10, "x2": 10, "y2": 1531.612182768976}, "nipple": {"x": 508.371375, "y": 1970.3394750000002}}