{"pectoral_line": {"x1": 1913.6858753103456, "y1": 10, "x2": 2790, "y2": 1611.1669309256633}, "nipple": {"x": 1838.886975, "y": 1998.761245}}