{"pectoral_line": {"x1": 536.7961476654579, "y1": 10, "x2": 10, "y2": 1839.923368429905}, "nipple": {"x": 965.540135, "y": 2070.802255}}