{"pectoral_line": {"x1": 1997.2942497262088, "y1": 10, "x2": 2790, "y2": 1819.663399564329}, "nipple": {"x": 1768.847165, "y": 2314.94103}}