{"pectoral_line": {"x1": 2071.4426703619824, "y1": 10, "x2": 2790, "y2": 1606.223802969049}, "nipple": {"x": 2169.0746950000002, "y": 2026.77718}}