{"pectoral_line": {"x1": 1713.174318510324, "y1": 10, "x2": 2790, "y2": 1972.7258481711806}, "nipple": {"x": 1822.8778300000001, "y": 2188.869345}}