{"pectoral_line": {"x1": 620.578667923603, "y1": 10, "x2": 10, "y2": 1694.0153579085481}, "nipple": {"x": 888.31504, "y": 1952.73514}}