{"pectoral_line": {"x1": 2087.511191218478, "y1": 10, "x2": 2790, "y2": 1592.126945378823}, "nipple": {"x": 1894.3076350000001, "y": 2038.9662150000001}}