{"pectoral_line": {"x1": 1882.9691554511985, "y1": 10, "x2": 2790, "y2": 1342.0398860245318}, "nipple": {"x": 2253.1224199999997, "y": 1904.707835}}