{"pectoral_line": {"x1": 438.27939373733966, "y1": 10, "x2": 10, "y2": 2365.8259162565087}, "nipple": {"x": 1099.6163099999999, "y": 2272.917185}}