{"pectoral_line": {"x1": 634.7437200160322, "y1": 10, "x2": 10, "y2": 1677.7940763227168}, "nipple": {"x": 928.1220050000001, "y": 2018.617945}}