{"pectoral_line": {"x1": 910.4149627400388, "y1": 10, "x2": 10, "y2": 1756.811877019016}, "nipple": {"x": 889.06309, "y": 2264.6556950000004}}