{"pectoral_line": {"x1": 721.939585858478, "y1": 10, "x2": 10, "y2": 1331.4418120311568}, "nipple": {"x": 860.29427, "y": 1778.959725}}