{"pectoral_line": {"x1": 2106.218608710851, "y1": 10, "x2": 2790, "y2": 1543.480313217072}, "nipple": {"x": 1996.04928, "y": 1973.39931}}