{"pectoral_line": {"x1": 643.5732741866516, "y1": 10, "x2": 10, "y2": 1651.8791800672661}, "nipple": {"x": 907.50711, "y": 1880.694145}}