{"pectoral_line": {"x1": 1127.4364413013525, "y1": 10, "x2": 2002, "y2": 1314.5975456094036}, "nipple": {"x": 1247.496895, "y": 1768.9361549999999}}