{"pectoral_line": {"x1": 465.3552646048304, "y1": 10, "x2": 10, "y2": 1816.0720882960447}, "nipple": {"x": 941.5264599999999, "y": 1806.65208}}