{"pectoral_line": {"x1": 629.6948995199485, "y1": 10, "x2": 10, "y2": 1927.3465883630608}, "nipple": {"x": 862.5551949999999, "y": 2176.882545}}