{"pectoral_line": {"x1": 616.295083495482, "y1": 10, "x2": 10, "y2": 1678.3568120006148}, "nipple": {"x": 1183.66408, "y": 2198.87502}}