{"pectoral_line": {"x1": 430.96514901596765, "y1": 10, "x2": 10, "y2": 1712.9953619822804}, "nipple": {"x": 829.4627499999999, "y": 1798.6475300000002}}