{"pectoral_line": {"x1": 1865.0087456591405, "y1": 10, "x2": 2790, "y2": 1689.7840364516303}, "nipple": {"x": 1984.744585, "y": 2059.314535}}