{"pectoral_line": {"x1": 569.6798421875741, "y1": 10, "x2": 10, "y2": 2104.4269370903007}, "nipple": {"x": 1153.64706, "y": 2164.855785}}