{"pectoral_line": {"x1": 2147.9815565270364, "y1": 10, "x2": 2790, "y2": 1982.3865293152057}, "nipple": {"x": 2041.0019399999999, "y": 1866.686205}}