{"pectoral_line": {"x1": 2082.8229367628605, "y1": 10, "x2": 2790, "y2": 1981.2321498314045}, "nipple": {"x": 1924.03361, "y": 2086.4456450000002}}