{"pectoral_line": {"x1": 662.6616262335706, "y1": 10, "x2": 10, "y2": 1977.443751977217}, "nipple": {"x": 1034.97747, "y": 1938.967835}}