{"pectoral_line": {"x1": 1968.6339485782546, "y1": 10, "x2": 2790, "y2": 2103.771445809368}, "nipple": {"x": 1796.863085, "y": 2202.8774000000003}}