{"pectoral_line": {"x1": 2153.6962509148834, "y1": 10, "x2": 2790, "y2": 1693.2539103544452}, "nipple": {"x": 2177.4481, "y": 1926.7203100000002}}