{"pectoral_line": {"x1": 901.6477916119909, "y1": 10, "x2": 10, "y2": 1793.972963937274}, "nipple": {"x": 823.996675, "y": 2139.411725}}