{"pectoral_line": {"x1": 1529.5967357745442, "y1": 10, "x2": 2002, "y2": 1759.294922123495}, "nipple": {"x": 1004.9102800000001, "y": 1928.75131}}