{"pectoral_line": {"x1": 573.1293381468747, "y1": 10, "x2": 10, "y2": 1874.4786848590984}, "nipple": {"x": 1203.675485, "y": 2306.936435}}