{"pectoral_line": {"x1": 480.2000141895792, "y1": 10, "x2": 10, "y2": 1658.12378817205}, "nipple": {"x": 723.402445, "y": 1856.680525}}