{"pectoral_line": {"x1": 486.3867798516041, "y1": 10, "x2": 10, "y2": 1992.7991432619829}, "nipple": {"x": 665.369455, "y": 2026.7772750000001}}