{"pectoral_line": {"x1": 2208.4939807922783, "y1": 10, "x2": 2790, "y2": 1958.7639697333232}, "nipple": {"x": 1888.9154, "y": 1892.700985}}