{"pectoral_line": {"x1": 739.7118401891503, "y1": 10, "x2": 10, "y2": 1464.4595812911368}, "nipple": {"x": 661.02473, "y": 1820.1642100000001}}