{"pectoral_line": {"x1": 2152.977970266631, "y1": 10, "x2": 2790, "y2": 1982.2202100460722}, "nipple": {"x": 2149.15577, "y": 1809.66733}}