{"pectoral_line": {"x1": 2025.492785099304, "y1": 10, "x2": 2790, "y2": 1772.2539326925182}, "nipple": {"x": 1652.388665, "y": 2267.3195600000004}}