{"pectoral_line": {"x1": 1104.656316003362, "y1": 10, "x2": 10, "y2": 1643.4767903586746}, "nipple": {"x": 921.33923, "y": 2317.06004}}