{"pectoral_line": {"x1": 2387.972077648923, "y1": 10, "x2": 2790, "y2": 2051.4088833349924}, "nipple": {"x": 1520.7060649999999, "y": 2046.78863}}