{"pectoral_line": {"x1": 2110.506298040437, "y1": 10, "x2": 2790, "y2": 1780.9304550949892}, "nipple": {"x": 1935.31061, "y": 2006.765825}}