{"pectoral_line": {"x1": 1836.7984803800668, "y1": 10, "x2": 2790, "y2": 1434.2606588086383}, "nipple": {"x": 2247.119085, "y": 1954.736265}}