{"pectoral_line": {"x1": 496.86498176370776, "y1": 10, "x2": 10, "y2": 2060.2425759163466}, "nipple": {"x": 1078.423165, "y": 2246.9023349999998}}