{"pectoral_line": {"x1": 2328.587386985256, "y1": 10, "x2": 2790, "y2": 1640.0373878105565}, "nipple": {"x": 1698.80733, "y": 2136.83975}}