{"pectoral_line": {"x1": 2329.06717899335, "y1": 10, "x2": 2790, "y2": 1966.5127160862985}, "nipple": {"x": 2028.995035, "y": 2000.76235}}