{"pectoral_line": {"x1": 595.5472376485969, "y1": 10, "x2": 10, "y2": 1194.503902102572}, "nipple": {"x": 753.41954, "y": 1700.5917849999998}}