{"pectoral_line": {"x1": 854.681457034985, "y1": 10, "x2": 10, "y2": 1710.9338774878595}, "nipple": {"x": 837.4672949999999, "y": 2004.7647599999998}}