{"pectoral_line": {"x1": 929.3016366112357, "y1": 10, "x2": 10, "y2": 1794.0683998482687}, "nipple": {"x": 776.2513749999999, "y": 2180.86477}}