{"pectoral_line": {"x1": 2274.7270740543604, "y1": 10, "x2": 2790, "y2": 2071.091678288501}, "nipple": {"x": 1864.901815, "y": 2286.92512}}