{"pectoral_line": {"x1": 2284.872266328366, "y1": 10, "x2": 2790, "y2": 1381.060997473792}, "nipple": {"x": 1842.30635, "y": 1534.77978}}