{"pectoral_line": {"x1": 2032.3749358672178, "y1": 10, "x2": 2790, "y2": 1752.5376583224618}, "nipple": {"x": 2047.00524, "y": 1980.7510149999998}}