{"pectoral_line": {"x1": 651.3818169382039, "y1": 10, "x2": 10, "y2": 2444.2207757089454}, "nipple": {"x": 1224.506185, "y": 2398.98886}}