{"pectoral_line": {"x1": 2109.4289210309526, "y1": 10, "x2": 2790, "y2": 1744.977455472404}, "nipple": {"x": 2059.012055, "y": 1662.570175}}