{"pectoral_line": {"x1": 2005.1682061011522, "y1": 10, "x2": 2790, "y2": 2131.377244857927}, "nipple": {"x": 1650.127745, "y": 2093.228365}}