{"pectoral_line": {"x1": 467.4136148325358, "y1": 10, "x2": 10, "y2": 2233.2429186046506}, "nipple": {"x": 1070.61059, "y": 2565.488515}}