{"pectoral_line": {"x1": 627.0897632449233, "y1": 10, "x2": 10, "y2": 1677.756773668591}, "nipple": {"x": 1021.57197, "y": 2064.7988299999997}}