{"pectoral_line": {"x1": 2287.157988996037, "y1": 10, "x2": 2790, "y2": 1291.7541294499233}, "nipple": {"x": 2043.528655, "y": 1740.52398}}