{"pectoral_line": {"x1": 921.9406790606142, "y1": 10, "x2": 10, "y2": 1863.4897675398206}, "nipple": {"x": 787.4388749999999, "y": 1822.661175}}