{"pectoral_line": {"x1": 2053.548068190243, "y1": 10, "x2": 2790, "y2": 1854.5712158831536}, "nipple": {"x": 2339.71, "y": 2086.445705}}