{"pectoral_line": {"x1": 773.588092813023, "y1": 10, "x2": 10, "y2": 1643.230121293601}, "nipple": {"x": 975.4385, "y": 2066.312125}}