{"pectoral_line": {"x1": 2082.5083308902294, "y1": 10, "x2": 2790, "y2": 1726.5371460005751}, "nipple": {"x": 2135.042025, "y": 1710.7574100000002}}