{"pectoral_line": {"x1": 927.2400963885972, "y1": 10, "x2": 10, "y2": 2168.6174843994086}, "nipple": {"x": 697.3876799999999, "y": 2190.87056}}