{"pectoral_line": {"x1": 1251.6134052227587, "y1": 10, "x2": 2002, "y2": 1748.2371486704615}, "nipple": {"x": 1470.37791, "y": 1752.8013500000002}}