{"pectoral_line": {"x1": 1747.6978755446657, "y1": 10, "x2": 2790, "y2": 1952.9869425148968}, "nipple": {"x": 1900.9222699999998, "y": 2078.806795}}