{"pectoral_line": {"x1": 645.0242532582076, "y1": 10, "x2": 10, "y2": 1543.8966211072495}, "nipple": {"x": 711.395645, "y": 1892.70108}}