{"pectoral_line": {"x1": 2366.520157770311, "y1": 10, "x2": 2790, "y2": 2121.8270967735757}, "nipple": {"x": 1873.9593, "y": 2204.01365}}