{"pectoral_line": {"x1": 711.8921868845418, "y1": 10, "x2": 10, "y2": 1558.580044545218}, "nipple": {"x": 450.06593, "y": 1670.574745}}