{"pectoral_line": {"x1": 696.6290705609465, "y1": 10, "x2": 10, "y2": 1565.1296093684525}, "nipple": {"x": 787.43887, "y": 1596.53264}}