{"pectoral_line": {"x1": 1278.9751936962034, "y1": 10, "x2": 2002, "y2": 1373.2030196759727}, "nipple": {"x": 1083.041915, "y": 1806.887325}}