{"pectoral_line": {"x1": 1820.7698443523725, "y1": 10, "x2": 2790, "y2": 1752.436683380128}, "nipple": {"x": 2271.132725, "y": 1878.69306}}