{"pectoral_line": {"x1": 470.6073673850336, "y1": 10, "x2": 10, "y2": 1939.9448455204106}, "nipple": {"x": 1019.57084, "y": 2050.790825}}