{"pectoral_line": {"x1": 1290.0240199640814, "y1": 10, "x2": 2002, "y2": 2101.7058278293343}, "nipple": {"x": 1004.91029, "y": 2315.84122}}