{"pectoral_line": {"x1": 811.749982843322, "y1": 10, "x2": 10, "y2": 1776.4573475964037}, "nipple": {"x": 995.55719, "y": 2230.893195}}