{"pectoral_line": {"x1": 741.9731298716965, "y1": 10, "x2": 10, "y2": 1679.1498919093196}, "nipple": {"x": 689.77485, "y": 1879.1653900000001}}