{"pectoral_line": {"x1": 1755.2908316718197, "y1": 10, "x2": 2790, "y2": 1959.1033397718597}, "nipple": {"x": 1849.08912, "y": 2292.1898}}