{"pectoral_line": {"x1": 673.1160177742622, "y1": 10, "x2": 10, "y2": 1449.3215884386475}, "nipple": {"x": 1016.17368, "y": 1961.2116250000001}}