{"pectoral_line": {"x1": 694.103836085471, "y1": 10, "x2": 10, "y2": 1958.6594198747862}, "nipple": {"x": 1201.701035, "y": 2155.676535}}