{"pectoral_line": {"x1": 2271.5001037762763, "y1": 10, "x2": 2790, "y2": 1873.3590117534848}, "nipple": {"x": 1669.15923, "y": 2102.82049}}