{"pectoral_line": {"x1": 684.0608172742795, "y1": 10, "x2": 10, "y2": 1717.3472797359898}, "nipple": {"x": 877.0199299999999, "y": 2036.7052250000002}}