{"pectoral_line": {"x1": 2317.3221847101904, "y1": 10, "x2": 2790, "y2": 1239.8374531152629}, "nipple": {"x": 2059.012165, "y": 1670.574725}}