{"pectoral_line": {"x1": 2292.4011812695853, "y1": 10, "x2": 2790, "y2": 1320.507783258923}, "nipple": {"x": 1815.17524, "y": 1760.87232}}