{"pectoral_line": {"x1": 789.3880402335544, "y1": 10, "x2": 10, "y2": 1965.964220583484}, "nipple": {"x": 1101.093145, "y": 2095.607105}}