{"pectoral_line": {"x1": 655.5319379670334, "y1": 10, "x2": 10, "y2": 1829.8506829693645}, "nipple": {"x": 1176.823895, "y": 2174.62174}}