{"pectoral_line": {"x1": 1972.8329920049782, "y1": 10, "x2": 2593, "y2": 1816.5733093525039}, "nipple": {"x": 1900.85195, "y": 2091.006065}}