{"pectoral_line": {"x1": 576.3545158693953, "y1": 10, "x2": 10, "y2": 1792.9678601546516}, "nipple": {"x": 1087.60945, "y": 2188.86927}}