{"pectoral_line": {"x1": 826.8158294019366, "y1": 10, "x2": 10, "y2": 1803.4434376288996}, "nipple": {"x": 1035.438845, "y": 2186.3989149999998}}