{"pectoral_line": {"x1": 635.7106788802685, "y1": 10, "x2": 10, "y2": 1660.0596016043507}, "nipple": {"x": 837.685015, "y": 2034.4442949999998}}