{"pectoral_line": {"x1": 755.6431478674077, "y1": 10, "x2": 10, "y2": 1964.650234746732}, "nipple": {"x": 665.854675, "y": 1991.4867199999999}}