{"pectoral_line": {"x1": 2314.913288449079, "y1": 10, "x2": 2790, "y2": 1625.2948622327335}, "nipple": {"x": 1670.7913800000001, "y": 2004.7646849999999}}