{"pectoral_line": {"x1": 646.7756488632458, "y1": 10, "x2": 10, "y2": 1832.7705633580663}, "nipple": {"x": 933.521885, "y": 2176.8625700000002}}