{"pectoral_line": {"x1": 661.1209950991937, "y1": 10, "x2": 10, "y2": 1635.8607451915811}, "nipple": {"x": 847.6279000000001, "y": 1754.0895449999998}}