{"pectoral_line": {"x1": 748.9772945788009, "y1": 10, "x2": 10, "y2": 1826.1306249001534}, "nipple": {"x": 1000.47162, "y": 2052.5317}}