{"pectoral_line": {"x1": 2152.010584984612, "y1": 10, "x2": 2790, "y2": 2384.7383731928753}, "nipple": {"x": 1555.094445, "y": 2759.19361}}