{"pectoral_line": {"x1": 527.1033872009284, "y1": 10, "x2": 10, "y2": 1730.5439312111419}, "nipple": {"x": 1181.6630049999999, "y": 2144.844405}}