{"pectoral_line": {"x1": 1912.2184768145764, "y1": 10, "x2": 2790, "y2": 1927.074502461547}, "nipple": {"x": 2059.012165, "y": 2164.855725}}