{"pectoral_line": {"x1": 1524.1992988420097, "y1": 10, "x2": 2790, "y2": 2186.559484712842}, "nipple": {"x": 1946.94837, "y": 2425.003615}}