{"pectoral_line": {"x1": 631.1963303371398, "y1": 10, "x2": 10, "y2": 1342.302644250044}, "nipple": {"x": 927.006975, "y": 1895.4400349999999}}