{"pectoral_line": {"x1": 617.0123426898689, "y1": 10, "x2": 10, "y2": 1931.477916637113}, "nipple": {"x": 1050.40723, "y": 2036.78292}}