{"pectoral_line": {"x1": 2091.400858499523, "y1": 10, "x2": 2790, "y2": 2154.128195767788}, "nipple": {"x": 1716.817535, "y": 2220.887545}}