{"pectoral_line": {"x1": 1995.0537585138625, "y1": 10, "x2": 2790, "y2": 1675.8800368818481}, "nipple": {"x": 2155.066725, "y": 1968.74428}}