{"pectoral_line": {"x1": 937.7598154225892, "y1": 10, "x2": 10, "y2": 1811.7364381059454}, "nipple": {"x": 767.0521699999999, "y": 2040.3886400000001}}