{"pectoral_line": {"x1": 1633.361250755666, "y1": 10, "x2": 2790, "y2": 1674.0321610274993}, "nipple": {"x": 1708.81304, "y": 1740.6145499999998}}