{"pectoral_line": {"x1": 2108.083915662592, "y1": 10, "x2": 2790, "y2": 2160.6583303575553}, "nipple": {"x": 1924.9359100000001, "y": 2202.877345}}