{"pectoral_line": {"x1": 483.31737585143117, "y1": 10, "x2": 10, "y2": 1766.007456958299}, "nipple": {"x": 515.28414, "y": 1678.579295}}