{"pectoral_line": {"x1": 816.8682905627156, "y1": 10, "x2": 10, "y2": 1576.511109931442}, "nipple": {"x": 851.250565, "y": 1876.179515}}