{"pectoral_line": {"x1": 588.6829866425926, "y1": 10, "x2": 10, "y2": 1397.3062304189084}, "nipple": {"x": 729.108585, "y": 1685.620425}}