{"pectoral_line": {"x1": 1774.8084120037001, "y1": 10, "x2": 2790, "y2": 1562.3301250013353}, "nipple": {"x": 1562.72997, "y": 2004.76473}}