{"pectoral_line": {"x1": 1559.2971589641857, "y1": 10, "x2": 2790, "y2": 1864.5612707854687}, "nipple": {"x": 1824.878885, "y": 2168.8580300000003}}