{"pectoral_line": {"x1": 1970.6609990336945, "y1": 10, "x2": 2790, "y2": 1302.7352745951528}, "nipple": {"x": 2087.02801, "y": 1676.578105}}