{"pectoral_line": {"x1": 710.2438938616559, "y1": 10, "x2": 10, "y2": 1814.7523006400438}, "nipple": {"x": 993.6888349999999, "y": 2251.4931450000004}}