{"pectoral_line": {"x1": 738.4064878550059, "y1": 10, "x2": 10, "y2": 1575.43503097919}, "nipple": {"x": 949.53098, "y": 1778.63618}}