{"pectoral_line": {"x1": 719.4529338793366, "y1": 10, "x2": 10, "y2": 1768.8520724232903}, "nipple": {"x": 799.4457, "y": 2040.78521}}