{"pectoral_line": {"x1": 1106.24131632334, "y1": 10, "x2": 2002, "y2": 1725.174429413922}, "nipple": {"x": 1063.162715, "y": 2007.486245}}