{"pectoral_line": {"x1": 684.18114252697, "y1": 10, "x2": 10, "y2": 1900.5359297416808}, "nipple": {"x": 1173.6584799999998, "y": 2316.94216}}