{"pectoral_line": {"x1": 1900.1451213583969, "y1": 10, "x2": 2790, "y2": 1999.0873494009156}, "nipple": {"x": 1810.6533900000002, "y": 2025.4006650000001}}