{"pectoral_line": {"x1": 722.7197918839861, "y1": 10, "x2": 10, "y2": 1795.2591846504972}, "nipple": {"x": 1163.6527449999999, "y": 2004.76467}}