{"pectoral_line": {"x1": 785.1593867097904, "y1": 10, "x2": 10, "y2": 1446.8808382003808}, "nipple": {"x": 691.384245, "y": 1666.572485}}