{"pectoral_line": {"x1": 576.8532368275734, "y1": 10, "x2": 10, "y2": 1863.1740757402079}, "nipple": {"x": 1017.5696949999999, "y": 1912.7123800000002}}