{"pectoral_line": {"x1": 2030.9775552366402, "y1": 10, "x2": 2790, "y2": 1834.7330517115436}, "nipple": {"x": 1893.286645, "y": 2112.826215}}