{"pectoral_line": {"x1": 892.3137922149352, "y1": 10, "x2": 10, "y2": 1774.6276708820487}, "nipple": {"x": 603.33422, "y": 1854.6793899999998}}