{"pectoral_line": {"x1": 1881.51708327494, "y1": 10, "x2": 2790, "y2": 1260.5952464765448}, "nipple": {"x": 2081.964385, "y": 1853.570265}}