{"pectoral_line": {"x1": 2217.7549634181914, "y1": 10, "x2": 2790, "y2": 1797.6745527736314}, "nipple": {"x": 1622.764105, "y": 2164.85574}}