{"pectoral_line": {"x1": 622.4020675449584, "y1": 10, "x2": 10, "y2": 1794.1634904946739}, "nipple": {"x": 815.4548, "y": 2236.896665}}