{"pectoral_line": {"x1": 572.863867488639, "y1": 10, "x2": 10, "y2": 1385.2447258165687}, "nipple": {"x": 451.066775, "y": 1527.997}}