{"pectoral_line": {"x1": 820.3528383710483, "y1": 10, "x2": 10, "y2": 1436.443005829909}, "nipple": {"x": 673.374, "y": 1814.656655}}