{"pectoral_line": {"x1": 2237.263061216881, "y1": 10, "x2": 2790, "y2": 1713.8497807639806}, "nipple": {"x": 1966.959785, "y": 1884.69643}}