{"pectoral_line": {"x1": 720.2940615696823, "y1": 10, "x2": 10, "y2": 1672.3548470224125}, "nipple": {"x": 915.5116849999999, "y": 2050.7909050000003}}