{"pectoral_line": {"x1": 2130.4101348510794, "y1": 10, "x2": 2790, "y2": 1617.3500748561605}, "nipple": {"x": 1693.0853299999999, "y": 1873.91859}}