{"pectoral_line": {"x1": 1319.9234531953339, "y1": 10, "x2": 2002, "y2": 1501.8144971784495}, "nipple": {"x": 910.53714, "y": 1864.76945}}