{"pectoral_line": {"x1": 1216.4498400044915, "y1": 10, "x2": 2002, "y2": 1577.2403182441967}, "nipple": {"x": 1216.7745850000001, "y": 2040.015825}}