{"pectoral_line": {"x1": 641.9037652286006, "y1": 10, "x2": 10, "y2": 1582.8307062442414}, "nipple": {"x": 883.49346, "y": 2010.768195}}