{"pectoral_line": {"x1": 1361.1008882206395, "y1": 10, "x2": 2002, "y2": 1513.785621965184}, "nipple": {"x": 1457.581475, "y": 1685.6203600000001}}