{"pectoral_line": {"x1": 1950.091432007854, "y1": 10, "x2": 2790, "y2": 1828.9105251951732}, "nipple": {"x": 1854.89604, "y": 2390.98427}}