{"pectoral_line": {"x1": 1144.0069074005746, "y1": 10, "x2": 2002, "y2": 1359.5316941895346}, "nipple": {"x": 1428.78966, "y": 1685.620395}}