{"pectoral_line": {"x1": 573.368069883358, "y1": 10, "x2": 10, "y2": 1807.07281653028}, "nipple": {"x": 653.3625750000001, "y": 2090.81346}}