{"pectoral_line": {"x1": 2143.4185573383425, "y1": 10, "x2": 2790, "y2": 1934.8231881356369}, "nipple": {"x": 1817.24342, "y": 2294.9297549999997}}