{"pectoral_line": {"x1": 376.0694946814653, "y1": 10, "x2": 10, "y2": 1631.1649101087532}, "nipple": {"x": 850.29345, "y": 1846.67486}}