{"pectoral_line": {"x1": 2399.9434444437184, "y1": 10, "x2": 2790, "y2": 1863.9728888035197}, "nipple": {"x": 2041.00182, "y": 2016.7715600000001}}