{"pectoral_line": {"x1": 676.8375269494143, "y1": 10, "x2": 10, "y2": 1683.1559004247363}, "nipple": {"x": 947.5298500000001, "y": 2006.76588}}