{"pectoral_line": {"x1": 694.9937690488186, "y1": 10, "x2": 10, "y2": 2019.3150525101953}, "nipple": {"x": 803.77114, "y": 1688.52271}}