{"pectoral_line": {"x1": 600.9182673251744, "y1": 10, "x2": 10, "y2": 1714.0433785156736}, "nipple": {"x": 741.89164, "y": 1766.7026250000001}}