{"pectoral_line": {"x1": 2266.0470899134875, "y1": 10, "x2": 2790, "y2": 1827.4616581410448}, "nipple": {"x": 2185.08376, "y": 1784.63959}}