{"pectoral_line": {"x1": 441.4615929017637, "y1": 10, "x2": 10, "y2": 1658.9522825591478}, "nipple": {"x": 943.527615, "y": 1958.7385649999999}}