{"pectoral_line": {"x1": 553.5531096662578, "y1": 10, "x2": 10, "y2": 1590.5952211736283}, "nipple": {"x": 1032.124635, "y": 1749.567695}}