{"pectoral_line": {"x1": 2105.916843444687, "y1": 10, "x2": 2790, "y2": 1895.3999606612058}, "nipple": {"x": 2174.99634, "y": 2172.360695}}