{"pectoral_line": {"x1": 605.2251248889623, "y1": 10, "x2": 10, "y2": 1783.4447069733585}, "nipple": {"x": 641.355825, "y": 1702.59292}}