{"pectoral_line": {"x1": 2081.113418806363, "y1": 10, "x2": 2790, "y2": 2053.261328392765}, "nipple": {"x": 2097.402705, "y": 2058.7954099999997}}