{"pectoral_line": {"x1": 1953.5828321520846, "y1": 10, "x2": 2790, "y2": 1810.6203120515902}, "nipple": {"x": 1977.33451, "y": 2116.82845}}