{"pectoral_line": {"x1": 1472.190553919529, "y1": 10, "x2": 2002, "y2": 1462.0703181782212}, "nipple": {"x": 1056.09574, "y": 1735.20633}}