{"pectoral_line": {"x1": 436.98511230277734, "y1": 10, "x2": 10, "y2": 1301.3696733124834}, "nipple": {"x": 1060.214405, "y": 1855.1721949999999}}