{"pectoral_line": {"x1": 2519.8242961798232, "y1": 10, "x2": 2790, "y2": 2270.12746114732}, "nipple": {"x": 2002.9803, "y": 2188.869445}}