{"pectoral_line": {"x1": 1862.2546730122115, "y1": 10, "x2": 2790, "y2": 2066.501781334179}, "nipple": {"x": 2057.010945, "y": 2228.892175}}