{"pectoral_line": {"x1": 2315.9750421012873, "y1": 10, "x2": 2790, "y2": 1849.2168987089744}, "nipple": {"x": 1884.913135, "y": 2118.829545}}