{"pectoral_line": {"x1": 567.9126120447518, "y1": 10, "x2": 10, "y2": 1899.1694132510488}, "nipple": {"x": 1109.62203, "y": 1928.72145}}