{"pectoral_line": {"x1": 1206.7810781399976, "y1": 10, "x2": 2002, "y2": 1410.3611292426872}, "nipple": {"x": 1044.898935, "y": 1995.93218}}