{"pectoral_line": {"x1": 803.2996433053979, "y1": 10, "x2": 10, "y2": 1628.5871833265107}, "nipple": {"x": 1113.517955, "y": 2145.22971}}