{"pectoral_line": {"x1": 603.5506006013895, "y1": 10, "x2": 10, "y2": 1513.959030560853}, "nipple": {"x": 645.3580949999999, "y": 1750.620245}}