{"pectoral_line": {"x1": 1999.2175455002491, "y1": 10, "x2": 2790, "y2": 1647.6046135354115}, "nipple": {"x": 1996.0492800000002, "y": 1980.182095}}