{"pectoral_line": {"x1": 724.3271698208105, "y1": 10, "x2": 10, "y2": 1975.2541887373836}, "nipple": {"x": 813.884465, "y": 2279.051545}}