{"pectoral_line": {"x1": 625.3912076935742, "y1": 10, "x2": 10, "y2": 2111.8642973990245}, "nipple": {"x": 1107.62091, "y": 1858.681665}}