{"pectoral_line": {"x1": 677.2982534506276, "y1": 10, "x2": 10, "y2": 1354.7070857334745}, "nipple": {"x": 1083.60727, "y": 2060.796635}}