{"pectoral_line": {"x1": 2214.8877191383026, "y1": 10, "x2": 2790, "y2": 1621.9935399257952}, "nipple": {"x": 1891.2855000000002, "y": 1884.6964699999999}}