{"pectoral_line": {"x1": 654.9591076346748, "y1": 10, "x2": 10, "y2": 1681.030405863065}, "nipple": {"x": 801.7429999999999, "y": 2095.10397}}