{"pectoral_line": {"x1": 1808.5805138436908, "y1": 10, "x2": 2790, "y2": 1926.4204634833723}, "nipple": {"x": 1779.00044, "y": 2045.74893}}