{"pectoral_line": {"x1": 2076.136941841274, "y1": 10, "x2": 2790, "y2": 1911.5282296496655}, "nipple": {"x": 1888.915375, "y": 1948.732865}}