{"pectoral_line": {"x1": 540.2873524445918, "y1": 10, "x2": 10, "y2": 1518.7049128751228}, "nipple": {"x": 1331.748325, "y": 2098.81812}}