{"pectoral_line": {"x1": 919.8803169008027, "y1": 10, "x2": 10, "y2": 1446.6530491811302}, "nipple": {"x": 901.50371, "y": 2044.7874800000002}}