{"pectoral_line": {"x1": 877.6576211371108, "y1": 10, "x2": 10, "y2": 2102.174305110799}, "nipple": {"x": 837.685015, "y": 2231.14476}}