{"pectoral_line": {"x1": 2036.2523953627044, "y1": 10, "x2": 2790, "y2": 1681.7735349099528}, "nipple": {"x": 1966.95979, "y": 1950.7340399999998}}