{"pectoral_line": {"x1": 2231.651633509171, "y1": 10, "x2": 2790, "y2": 2032.5884313765214}, "nipple": {"x": 1772.84944, "y": 2160.853495}}