{"pectoral_line": {"x1": 1361.7682080569346, "y1": 10, "x2": 2002, "y2": 1309.4334156370005}, "nipple": {"x": 1387.20153, "y": 1680.82185}}