{"pectoral_line": {"x1": 1211.1170544745512, "y1": 10, "x2": 10, "y2": 1180.4502375296927}, "nipple": {"x": 813.453675, "y": 1584.525855}}