{"pectoral_line": {"x1": 2087.568896544601, "y1": 10, "x2": 2790, "y2": 1429.8074290363645}, "nipple": {"x": 2135.05537, "y": 1740.6145549999999}}