{"pectoral_line": {"x1": 1068.7114650731414, "y1": 10, "x2": 2002, "y2": 1754.1783593901114}, "nipple": {"x": 1167.9801949999999, "y": 1951.463095}}