{"pectoral_line": {"x1": 1105.7815532235581, "y1": 10, "x2": 10, "y2": 1391.9410636793682}, "nipple": {"x": 727.40473, "y": 1996.760165}}