{"pectoral_line": {"x1": 2244.077512848124, "y1": 10, "x2": 2790, "y2": 2546.4394567563077}, "nipple": {"x": 872.3374699999999, "y": 2308.93766}}