{"pectoral_line": {"x1": 601.4713715567466, "y1": 10, "x2": 10, "y2": 1671.1537260453906}, "nipple": {"x": 705.260355, "y": 1805.90956}}