{"pectoral_line": {"x1": 2167.847764139388, "y1": 10, "x2": 2790, "y2": 1633.4284972800676}, "nipple": {"x": 2087.39702, "y": 1602.536045}}