{"pectoral_line": {"x1": 2188.4769132028846, "y1": 10, "x2": 2790, "y2": 2331.5029952363075}, "nipple": {"x": 2047.005355, "y": 1976.7488099999998}}