{"pectoral_line": {"x1": 466.8630397011217, "y1": 10, "x2": 10, "y2": 1873.385223587817}, "nipple": {"x": 1371.7710749999999, "y": 2138.840985}}