{"pectoral_line": {"x1": 946.3651639865451, "y1": 10, "x2": 10, "y2": 2468.6767605797454}, "nipple": {"x": 949.5310000000001, "y": 2164.8557}}