{"pectoral_line": {"x1": 650.1425521903325, "y1": 10, "x2": 10, "y2": 1939.91108275184}, "nipple": {"x": 907.5071150000001, "y": 1936.726085}}