{"pectoral_line": {"x1": 1386.8618318182753, "y1": 10, "x2": 2790, "y2": 1918.7736786918088}, "nipple": {"x": 2115.04396, "y": 2497.04454}}