{"pectoral_line": {"x1": 2446.84799729948, "y1": 10, "x2": 2790, "y2": 2229.3444131061683}, "nipple": {"x": 1760.8425949999998, "y": 1930.72249}}