{"pectoral_line": {"x1": 1744.7003646662088, "y1": 10, "x2": 2802, "y2": 1932.3628698477182}, "nipple": {"x": 1972.76965, "y": 2496.250635}}