{"pectoral_line": {"x1": 2178.3389609857377, "y1": 10, "x2": 2790, "y2": 1780.8577751958717}, "nipple": {"x": 2002.832055, "y": 1939.48549}}