{"pectoral_line": {"x1": 2058.5437428894375, "y1": 10, "x2": 2790, "y2": 1457.459360480704}, "nipple": {"x": 2041.00183, "y": 1700.5917299999999}}