{"pectoral_line": {"x1": 2039.497164385982, "y1": 10, "x2": 2790, "y2": 1428.3443064721168}, "nipple": {"x": 2185.083765, "y": 1862.68394}}