{"pectoral_line": {"x1": 548.1423184464787, "y1": 10, "x2": 10, "y2": 1545.5908668099148}, "nipple": {"x": 735.50675, "y": 1784.792255}}