{"pectoral_line": {"x1": 658.7391481419006, "y1": 10, "x2": 10, "y2": 1800.520040226708}, "nipple": {"x": 1003.56175, "y": 2228.8921250000003}}