{"pectoral_line": {"x1": 2258.215251188648, "y1": 10, "x2": 2790, "y2": 1995.3293467346061}, "nipple": {"x": 2039.813715, "y": 2186.86805}}