{"pectoral_line": {"x1": 1874.9442520458938, "y1": 10, "x2": 2790, "y2": 1546.4392661645174}, "nipple": {"x": 2087.027975, "y": 2076.805625}}