{"pectoral_line": {"x1": 646.5403875466336, "y1": 10, "x2": 10, "y2": 1641.5920178598972}, "nipple": {"x": 765.898115, "y": 1895.16084}}