{"pectoral_line": {"x1": 1943.2676542214879, "y1": 10, "x2": 2790, "y2": 1528.2786858376471}, "nipple": {"x": 2091.03028, "y": 1930.722605}}