{"pectoral_line": {"x1": 623.1530379988939, "y1": 10, "x2": 10, "y2": 1522.1368143901636}, "nipple": {"x": 1085.608365, "y": 2034.781745}}