{"pectoral_line": {"x1": 887.6284733552859, "y1": 10, "x2": 10, "y2": 2034.1426628495824}, "nipple": {"x": 812.81484, "y": 2170.099825}}