{"pectoral_line": {"x1": 617.0315480929099, "y1": 10, "x2": 10, "y2": 1835.9900902721854}, "nipple": {"x": 1039.5644499999999, "y": 1870.92188}}