{"pectoral_line": {"x1": 2304.046124993251, "y1": 10, "x2": 2790, "y2": 1489.364449038156}, "nipple": {"x": 2018.989335, "y": 1668.57345}}