{"pectoral_line": {"x1": 2118.533566572784, "y1": 10, "x2": 2790, "y2": 1584.6778954918746}, "nipple": {"x": 1971.179095, "y": 2066.097315}}