{"pectoral_line": {"x1": 459.0694510119799, "y1": 10, "x2": 10, "y2": 1890.1698604048072}, "nipple": {"x": 1030.395815, "y": 2282.92283}}