{"pectoral_line": {"x1": 515.5354930433208, "y1": 10, "x2": 10, "y2": 1962.0677699939115}, "nipple": {"x": 808.1455149999999, "y": 2355.738695}}