{"pectoral_line": {"x1": 380.88456499377037, "y1": 10, "x2": 10, "y2": 1984.7975651668694}, "nipple": {"x": 1148.1893300000002, "y": 2053.515775}}