{"pectoral_line": {"x1": 2317.8333050497845, "y1": 10, "x2": 2790, "y2": 2178.853569881359}, "nipple": {"x": 2053.377665, "y": 1844.67366}}