{"pectoral_line": {"x1": 818.3277381155426, "y1": 10, "x2": 10, "y2": 1813.6566142625752}, "nipple": {"x": 593.328505, "y": 1824.6623}}