{"pectoral_line": {"x1": 599.420316914035, "y1": 10, "x2": 10, "y2": 1836.1503147784742}, "nipple": {"x": 887.4957499999999, "y": 1932.7237049999999}}