{"pectoral_line": {"x1": 984.0700530307176, "y1": 10, "x2": 10, "y2": 1669.032529792093}, "nipple": {"x": 852.2735250000001, "y": 1903.1585599999999}}