{"pectoral_line": {"x1": 673.1886351923149, "y1": 10, "x2": 10, "y2": 1403.1412297489128}, "nipple": {"x": 565.955, "y": 1752.801315}}