{"pectoral_line": {"x1": 1348.4155237869024, "y1": 10, "x2": 2002, "y2": 1068.8068437016948}, "nipple": {"x": 886.8389050000001, "y": 1677.622695}}