{"pectoral_line": {"x1": 492.63323634940923, "y1": 10, "x2": 10, "y2": 1356.647987266216}, "nipple": {"x": 1240.962995, "y": 1656.8286600000001}}