{"pectoral_line": {"x1": 2392.911245220657, "y1": 10, "x2": 2790, "y2": 1847.081093043536}, "nipple": {"x": 2257.1247900000003, "y": 1980.75108}}