{"pectoral_line": {"x1": 2079.6592842984837, "y1": 10, "x2": 2790, "y2": 1669.2696340381638}, "nipple": {"x": 1972.96318, "y": 1814.656665}}