{"pectoral_line": {"x1": 1576.7614905097523, "y1": 10, "x2": 2790, "y2": 2192.6955527099512}, "nipple": {"x": 1990.9733449999999, "y": 2158.8522550000002}}