{"pectoral_line": {"x1": 2344.2589583375216, "y1": 10, "x2": 2790, "y2": 1647.6138267141998}, "nipple": {"x": 1637.141075, "y": 1720.603175}}