{"pectoral_line": {"x1": 719.523764645988, "y1": 10, "x2": 10, "y2": 2047.2464554050184}, "nipple": {"x": 848.98964, "y": 2167.8389}}