{"pectoral_line": {"x1": 2175.382264385552, "y1": 10, "x2": 2790, "y2": 1985.557005598458}, "nipple": {"x": 1991.527355, "y": 2185.926295}}