{"pectoral_line": {"x1": 752.9800031986665, "y1": 10, "x2": 10, "y2": 1426.4726605545595}, "nipple": {"x": 835.558585, "y": 1783.393715}}