{"pectoral_line": {"x1": 2372.6519428093875, "y1": 10, "x2": 2790, "y2": 1762.861217203828}, "nipple": {"x": 1873.9593049999999, "y": 2016.356895}}