{"pectoral_line": {"x1": 1242.5924200299341, "y1": 10, "x2": 2002, "y2": 1646.0076775826597}, "nipple": {"x": 1312.02294, "y": 1821.581745}}