{"pectoral_line": {"x1": 715.6771293070549, "y1": 10, "x2": 10, "y2": 1981.8919607318028}, "nipple": {"x": 757.4218, "y": 2146.84553}}