{"pectoral_line": {"x1": 1948.748617196255, "y1": 10, "x2": 2790, "y2": 1714.014182615116}, "nipple": {"x": 1734.827835, "y": 2364.969565}}