{"pectoral_line": {"x1": 2285.008153444725, "y1": 10, "x2": 2790, "y2": 1368.5622024664717}, "nipple": {"x": 2022.9916, "y": 1754.622535}}