{"pectoral_line": {"x1": 546.0664613419626, "y1": 10, "x2": 10, "y2": 1834.593192149609}, "nipple": {"x": 675.375155, "y": 1876.691895}}