{"pectoral_line": {"x1": 578.5431321926071, "y1": 10, "x2": 10, "y2": 1965.4438165179477}, "nipple": {"x": 913.51055, "y": 1960.7397600000002}}