{"pectoral_line": {"x1": 2201.010395737655, "y1": 10, "x2": 2790, "y2": 1710.9613804320293}, "nipple": {"x": 1935.3105899999998, "y": 1894.702175}}