{"pectoral_line": {"x1": 967.4118362508226, "y1": 10, "x2": 10, "y2": 1730.0958665472479}, "nipple": {"x": 1023.42485, "y": 1986.334885}}