{"pectoral_line": {"x1": 2036.0853386016377, "y1": 10, "x2": 2790, "y2": 2159.592008536256}, "nipple": {"x": 1986.971135, "y": 2272.917085}}