{"pectoral_line": {"x1": 697.4442395266572, "y1": 10, "x2": 10, "y2": 1939.2789578880192}, "nipple": {"x": 704.29042, "y": 1674.9571600000002}}