{"pectoral_line": {"x1": 508.60420982476825, "y1": 10, "x2": 10, "y2": 1709.7870547527484}, "nipple": {"x": 702.20926, "y": 1818.6588900000002}}