{"pectoral_line": {"x1": 996.1176385062688, "y1": 10, "x2": 10, "y2": 1712.8567821531205}, "nipple": {"x": 1021.572005, "y": 2314.941105}}