{"pectoral_line": {"x1": 1259.90778458674, "y1": 10, "x2": 2002, "y2": 1558.7140132860663}, "nipple": {"x": 1436.787425, "y": 1888.76267}}