{"pectoral_line": {"x1": 1864.2388606833572, "y1": 10, "x2": 2790, "y2": 1635.1135815919233}, "nipple": {"x": 2034.9985199999999, "y": 1854.6793349999998}}