{"pectoral_line": {"x1": 698.2700406895157, "y1": 10, "x2": 10, "y2": 1606.5608256486187}, "nipple": {"x": 654.5500499999999, "y": 1901.0497}}