{"pectoral_line": {"x1": 683.1169709948514, "y1": 10, "x2": 10, "y2": 1965.749271574513}, "nipple": {"x": 731.407015, "y": 1978.749975}}