{"pectoral_line": {"x1": 903.7703274952745, "y1": 10, "x2": 10, "y2": 1776.851552009816}, "nipple": {"x": 957.8435450000001, "y": 2128.69441}}