{"pectoral_line": {"x1": 1152.444908757083, "y1": 10, "x2": 2002, "y2": 1620.6148777115166}, "nipple": {"x": 1107.73834, "y": 2206.47172}}