{"pectoral_line": {"x1": 675.91221533401, "y1": 10, "x2": 10, "y2": 1536.8415952338548}, "nipple": {"x": 793.44228, "y": 1968.74418}}