{"pectoral_line": {"x1": 2256.0095325019442, "y1": 10, "x2": 2790, "y2": 1725.1049608810335}, "nipple": {"x": 1730.825555, "y": 2186.868275}}