{"pectoral_line": {"x1": 730.0172873475942, "y1": 10, "x2": 10, "y2": 1702.7558571851894}, "nipple": {"x": 1072.419795, "y": 2182.865915}}