{"pectoral_line": {"x1": 443.8537278610403, "y1": 10, "x2": 10, "y2": 1750.6420869364947}, "nipple": {"x": 781.16188, "y": 1950.79006}}