{"pectoral_line": {"x1": 658.5805022834579, "y1": 10, "x2": 10, "y2": 1890.380618909317}, "nipple": {"x": 861.480965, "y": 2116.828345}}