{"pectoral_line": {"x1": 2228.2958100059145, "y1": 10, "x2": 2790, "y2": 1854.1792433648293}, "nipple": {"x": 1981.336725, "y": 2062.797735}}