{"pectoral_line": {"x1": 2138.60097182354, "y1": 10, "x2": 2790, "y2": 1917.2963298844131}, "nipple": {"x": 1996.0492100000001, "y": 1930.44173}}