{"pectoral_line": {"x1": 893.903428692362, "y1": 10, "x2": 10, "y2": 2026.1763491561758}, "nipple": {"x": 668.29678, "y": 2453.486105}}