{"pectoral_line": {"x1": 509.87228990875997, "y1": 10, "x2": 10, "y2": 1337.785778511328}, "nipple": {"x": 1028.210035, "y": 1730.985055}}