{"pectoral_line": {"x1": 2024.0671897190855, "y1": 10, "x2": 2790, "y2": 1629.532628134085}, "nipple": {"x": 1878.90972, "y": 2188.86941}}