{"pectoral_line": {"x1": 2152.9400753614914, "y1": 10, "x2": 2790, "y2": 1908.56472838884}, "nipple": {"x": 1844.567275, "y": 1971.1383850000002}}