{"pectoral_line": {"x1": 897.3147076898606, "y1": 10, "x2": 10, "y2": 2053.5125507080284}, "nipple": {"x": 853.476415, "y": 2176.862605}}