{"pectoral_line": {"x1": 714.9368269089081, "y1": 10, "x2": 10, "y2": 1711.0032077421815}, "nipple": {"x": 635.3524199999999, "y": 1882.695305}}