{"pectoral_line": {"x1": 866.5346683656246, "y1": 10, "x2": 10, "y2": 2087.7712405069783}, "nipple": {"x": 930.339015, "y": 2408.99449}}