{"pectoral_line": {"x1": 509.08241771844314, "y1": 10, "x2": 10, "y2": 2234.481474458131}, "nipple": {"x": 947.52987, "y": 2272.917}}