{"pectoral_line": {"x1": 1941.3000717663263, "y1": 10, "x2": 2790, "y2": 1750.922594410516}, "nipple": {"x": 2034.99849, "y": 2048.789755}}