{"pectoral_line": {"x1": 792.8892822367435, "y1": 10, "x2": 10, "y2": 1931.1692044829836}, "nipple": {"x": 1061.594805, "y": 2186.868365}}