{"pectoral_line": {"x1": 1984.7072993973775, "y1": 10, "x2": 2790, "y2": 1665.6366945580826}, "nipple": {"x": 1766.846035, "y": 2126.83409}}