{"pectoral_line": {"x1": 599.8306836266055, "y1": 10, "x2": 10, "y2": 1797.231318060667}, "nipple": {"x": 1127.632295, "y": 2076.805675}}