{"pectoral_line": {"x1": 1021.9062292724778, "y1": 10, "x2": 2002, "y2": 1615.6008038538869}, "nipple": {"x": 1315.221955, "y": 1751.2017449999998}}