{"pectoral_line": {"x1": 881.3926954151448, "y1": 10, "x2": 10, "y2": 1850.9705463475461}, "nipple": {"x": 776.64003, "y": 2312.53819}}