{"pectoral_line": {"x1": 792.2672699803364, "y1": 10, "x2": 10, "y2": 1662.6773348250008}, "nipple": {"x": 1256.9584200000002, "y": 2349.4315650000003}}