{"pectoral_line": {"x1": 734.0928762713052, "y1": 10, "x2": 10, "y2": 1557.9901492085241}, "nipple": {"x": 1183.6290649999999, "y": 1852.067235}}