{"pectoral_line": {"x1": 1909.6306353589011, "y1": 10, "x2": 2790, "y2": 2084.295401795564}, "nipple": {"x": 2051.00763, "y": 2272.91718}}