{"pectoral_line": {"x1": 873.8940195310621, "y1": 10, "x2": 10, "y2": 1636.1534288026837}, "nipple": {"x": 727.509035, "y": 1706.414535}}