{"pectoral_line": {"x1": 1345.4871741702104, "y1": 10, "x2": 2790, "y2": 2038.0107702023558}, "nipple": {"x": 1766.8460200000002, "y": 2092.8148}}