{"pectoral_line": {"x1": 2171.2930741809, "y1": 10, "x2": 2790, "y2": 1293.3988384169422}, "nipple": {"x": 1948.94957, "y": 1704.594115}}