{"pectoral_line": {"x1": 704.7519911543031, "y1": 10, "x2": 10, "y2": 1379.93349318172}, "nipple": {"x": 1002.3798949999999, "y": 1946.7316449999998}}