{"pectoral_line": {"x1": 932.2615827159598, "y1": 10, "x2": 2002, "y2": 1520.4545572923125}, "nipple": {"x": 1211.25153, "y": 1994.3326699999998}}