{"pectoral_line": {"x1": 805.5457783795908, "y1": 10, "x2": 10, "y2": 1816.2392016249255}, "nipple": {"x": 794.261615, "y": 1930.72261}}