{"pectoral_line": {"x1": 955.3558507759849, "y1": 10, "x2": 10, "y2": 1792.2281985136517}, "nipple": {"x": 979.54804, "y": 2012.7692749999999}}