{"pectoral_line": {"x1": 699.5584661378861, "y1": 10, "x2": 10, "y2": 1936.2046583634215}, "nipple": {"x": 761.4240699999999, "y": 2238.89775}}