{"pectoral_line": {"x1": 784.49759481414, "y1": 10, "x2": 10, "y2": 1688.077942917386}, "nipple": {"x": 671.3729, "y": 1896.7032800000002}}