{"pectoral_line": {"x1": 475.0959539967201, "y1": 10, "x2": 10, "y2": 1835.149294376509}, "nipple": {"x": 988.2348499999999, "y": 1831.179065}}