{"pectoral_line": {"x1": 516.9811020113464, "y1": 10, "x2": 10, "y2": 1385.3744685545917}, "nipple": {"x": 807.45025, "y": 1824.662305}}