{"pectoral_line": {"x1": 2222.4488017118933, "y1": 10, "x2": 2790, "y2": 1802.0313311889724}, "nipple": {"x": 1758.841465, "y": 2196.8739549999996}}