{"pectoral_line": {"x1": 1983.2053864842642, "y1": 10, "x2": 2790, "y2": 2181.6228766704926}, "nipple": {"x": 1898.9210500000002, "y": 1962.7408}}