{"pectoral_line": {"x1": 1540.4888562592769, "y1": 10, "x2": 2002, "y2": 2568.090350779202}, "nipple": {"x": 1566.35058, "y": 2003.929895}}