{"pectoral_line": {"x1": 583.5076391610172, "y1": 10, "x2": 10, "y2": 1894.38227037384}, "nipple": {"x": 748.23545, "y": 1916.7146149999999}}