{"pectoral_line": {"x1": 507.40272788304304, "y1": 10, "x2": 10, "y2": 1583.679297022662}, "nipple": {"x": 943.5275800000001, "y": 1968.74424}}