{"pectoral_line": {"x1": 1821.6208885946205, "y1": 10, "x2": 2790, "y2": 2178.6240983911844}, "nipple": {"x": 1844.89034, "y": 2076.805645}}