{"pectoral_line": {"x1": 632.7958924840088, "y1": 10, "x2": 10, "y2": 1991.0210265686515}, "nipple": {"x": 1079.6040699999999, "y": 2167.838905}}