{"pectoral_line": {"x1": 2126.5480907026517, "y1": 10, "x2": 2790, "y2": 2280.480060292439}, "nipple": {"x": 1924.935885, "y": 2118.82956}}