{"pectoral_line": {"x1": 938.2217319142954, "y1": 10, "x2": 10, "y2": 1972.6856936721235}, "nipple": {"x": 1237.6948200000002, "y": 2374.975125}}