{"pectoral_line": {"x1": 1802.2827583466737, "y1": 10, "x2": 2708, "y2": 1759.1362078276745}, "nipple": {"x": 1620.30892, "y": 2335.374625}}