{"pectoral_line": {"x1": 1857.3050126114656, "y1": 10, "x2": 2790, "y2": 1462.693089017833}, "nipple": {"x": 2079.02348, "y": 1820.66001}}