{"pectoral_line": {"x1": 909.3082086259375, "y1": 10, "x2": 10, "y2": 1264.0811544202982}, "nipple": {"x": 602.5487800000001, "y": 1663.652525}}