{"pectoral_line": {"x1": 2155.8277234217176, "y1": 10, "x2": 2790, "y2": 1985.6907091268026}, "nipple": {"x": 1836.8858500000001, "y": 1988.75569}}