{"pectoral_line": {"x1": 615.8642285264788, "y1": 10, "x2": 10, "y2": 1882.6712527714808}, "nipple": {"x": 948.3492200000001, "y": 1996.7601750000001}}