{"pectoral_line": {"x1": 2087.1266433737073, "y1": 10, "x2": 2790, "y2": 1721.8364369427413}, "nipple": {"x": 1938.9438699999998, "y": 2136.83982}}