{"pectoral_line": {"x1": 1119.511765370824, "y1": 10, "x2": 2002, "y2": 1314.2556841563987}, "nipple": {"x": 1329.6179200000001, "y": 1773.595385}}