{"pectoral_line": {"x1": 540.7528804593164, "y1": 10, "x2": 10, "y2": 1421.025953697012}, "nipple": {"x": 1024.079745, "y": 1803.9867849999998}}