{"pectoral_line": {"x1": 937.4119076564276, "y1": 10, "x2": 10, "y2": 1994.034377056424}, "nipple": {"x": 962.03588, "y": 2219.840185}}