{"pectoral_line": {"x1": 351.8921182295792, "y1": 10, "x2": 10, "y2": 2579.3710699391677}, "nipple": {"x": 945.528775, "y": 2268.9149}}