{"pectoral_line": {"x1": 1907.4620582653063, "y1": 10, "x2": 2744, "y2": 1596.7235798064512}, "nipple": {"x": 1762.5295899999999, "y": 2095.079025}}