{"pectoral_line": {"x1": 2261.312749037565, "y1": 10, "x2": 2790, "y2": 1613.1161789631315}, "nipple": {"x": 2091.030315, "y": 1828.6646}}