{"pectoral_line": {"x1": 480.1350076455254, "y1": 10, "x2": 10, "y2": 1972.6271111454473}, "nipple": {"x": 898.66035, "y": 2104.701185}}