{"pectoral_line": {"x1": 465.95457647332745, "y1": 10, "x2": 10, "y2": 1650.5423697441322}, "nipple": {"x": 715.397925, "y": 1904.707885}}