{"pectoral_line": {"x1": 1934.4416138577049, "y1": 10, "x2": 2790, "y2": 1946.2632879794653}, "nipple": {"x": 2093.2690749999997, "y": 2258.27586}}