{"pectoral_line": {"x1": 729.8553805417195, "y1": 10, "x2": 10, "y2": 1738.99858055541}, "nipple": {"x": 954.64445, "y": 1995.9321599999998}}