{"pectoral_line": {"x1": 1988.1717835273585, "y1": 10, "x2": 2790, "y2": 1980.9060261105226}, "nipple": {"x": 1846.8914949999998, "y": 2178.86369}}