{"pectoral_line": {"x1": 2187.515631585001, "y1": 10, "x2": 2790, "y2": 1690.6143004379614}, "nipple": {"x": 2023.1803850000001, "y": 1894.266925}}