{"pectoral_line": {"x1": 1774.5380465991175, "y1": 10, "x2": 2790, "y2": 1640.0836610014733}, "nipple": {"x": 2170.140535, "y": 2131.66409}}