{"pectoral_line": {"x1": 1143.6863130824179, "y1": 10, "x2": 2002, "y2": 1622.937388733355}, "nipple": {"x": 853.527755, "y": 2170.134025}}