{"pectoral_line": {"x1": 547.8270926162793, "y1": 10, "x2": 10, "y2": 2064.775377514153}, "nipple": {"x": 886.483, "y": 1812.0186549999999}}