{"pectoral_line": {"x1": 2149.379387157904, "y1": 10, "x2": 2790, "y2": 1771.705813999492}, "nipple": {"x": 1862.900595, "y": 2246.90237}}