{"pectoral_line": {"x1": 766.391755615338, "y1": 10, "x2": 10, "y2": 1439.1130996877027}, "nipple": {"x": 687.3819649999999, "y": 1872.68959}}