{"pectoral_line": {"x1": 512.0214997363133, "y1": 10, "x2": 10, "y2": 1858.3518599949923}, "nipple": {"x": 1275.716435, "y": 2054.79318}}