{"pectoral_line": {"x1": 913.0880479194154, "y1": 10, "x2": 10, "y2": 1674.7285522869001}, "nipple": {"x": 855.772415, "y": 2095.489345}}