{"pectoral_line": {"x1": 1072.082902761942, "y1": 10, "x2": 10, "y2": 1793.1813195569218}, "nipple": {"x": 753.41952, "y": 2220.887575}}