{"pectoral_line": {"x1": 854.1012671609102, "y1": 10, "x2": 10, "y2": 1981.767822938925}, "nipple": {"x": 861.480985, "y": 2374.975065}}