{"pectoral_line": {"x1": 678.7065249001848, "y1": 10, "x2": 10, "y2": 1631.4653274068492}, "nipple": {"x": 975.54578, "y": 2020.773775}}