{"pectoral_line": {"x1": 1045.0314853123623, "y1": 10, "x2": 10, "y2": 1767.9104970440142}, "nipple": {"x": 801.446835, "y": 2116.828465}}