{"pectoral_line": {"x1": 2090.832079155596, "y1": 10, "x2": 2790, "y2": 1767.2007953573425}, "nipple": {"x": 2065.01557, "y": 2004.7647100000002}}