{"pectoral_line": {"x1": 686.1257984617939, "y1": 10, "x2": 10, "y2": 1959.1439029657001}, "nipple": {"x": 823.459325, "y": 2294.9296449999997}}