{"pectoral_line": {"x1": 583.726466223384, "y1": 10, "x2": 10, "y2": 1846.6463649658886}, "nipple": {"x": 1394.5193000000002, "y": 1927.1517600000002}}