{"pectoral_line": {"x1": 489.0720775912198, "y1": 10, "x2": 10, "y2": 1724.8093877278238}, "nipple": {"x": 817.45596, "y": 1788.641835}}