{"pectoral_line": {"x1": 1893.0720070348643, "y1": 10, "x2": 2790, "y2": 1719.2404218232778}, "nipple": {"x": 1762.84375, "y": 2052.79195}}