{"pectoral_line": {"x1": 460.53136372177784, "y1": 10, "x2": 10, "y2": 2076.6576311827935}, "nipple": {"x": 988.37192, "y": 2274.918405}}