{"pectoral_line": {"x1": 808.8497689142091, "y1": 10, "x2": 10, "y2": 1817.4145689806078}, "nipple": {"x": 789.4400350000001, "y": 1856.680525}}