{"pectoral_line": {"x1": 1326.7711395671183, "y1": 10, "x2": 2002, "y2": 1702.449893982298}, "nipple": {"x": 1409.59517, "y": 1608.842295}}