{"pectoral_line": {"x1": 474.38686981116854, "y1": 10, "x2": 10, "y2": 2010.4357625719606}, "nipple": {"x": 894.31849, "y": 1988.75558}}