{"pectoral_line": {"x1": 2273.661150441352, "y1": 10, "x2": 2790, "y2": 1856.3025332226707}, "nipple": {"x": 2147.06216, "y": 2132.83755}}