{"pectoral_line": {"x1": 2004.7249645937402, "y1": 10, "x2": 2790, "y2": 1741.4671165841903}, "nipple": {"x": 1892.917665, "y": 2182.865895}}