{"pectoral_line": {"x1": 2185.4088786073053, "y1": 10, "x2": 2790, "y2": 1715.1360660569865}, "nipple": {"x": 2051.00753, "y": 2066.79993}}