{"pectoral_line": {"x1": 563.4227572358776, "y1": 10, "x2": 10, "y2": 1935.3531313815574}, "nipple": {"x": 811.45252, "y": 2146.845455}}