{"pectoral_line": {"x1": 2209.3858671938856, "y1": 10, "x2": 2790, "y2": 1970.942577813678}, "nipple": {"x": 1926.937045, "y": 2084.810275}}