{"pectoral_line": {"x1": 2079.862641830318, "y1": 10, "x2": 2790, "y2": 1750.5327292424017}, "nipple": {"x": 1998.9779250000001, "y": 1752.621375}}