{"pectoral_line": {"x1": 702.0093029566126, "y1": 10, "x2": 10, "y2": 1425.1901899260934}, "nipple": {"x": 769.85725, "y": 1907.8324750000002}}