{"pectoral_line": {"x1": 977.7189989518888, "y1": 10, "x2": 10, "y2": 1724.5455628593447}, "nipple": {"x": 1049.5879400000001, "y": 1842.6725649999998}}