{"pectoral_line": {"x1": 642.941572340108, "y1": 10, "x2": 10, "y2": 1940.7377309506958}, "nipple": {"x": 1127.083505, "y": 2124.881315}}