{"pectoral_line": {"x1": 2252.6599949020515, "y1": 10, "x2": 2790, "y2": 1758.8184504560236}, "nipple": {"x": 2153.065625, "y": 1922.7180349999999}}