{"pectoral_line": {"x1": 1498.0088598526472, "y1": 10, "x2": 2002, "y2": 2140.2025571174154}, "nipple": {"x": 1505.567845, "y": 2007.129005}}