{"pectoral_line": {"x1": 1810.6020447435624, "y1": 10, "x2": 2790, "y2": 1800.6164537061106}, "nipple": {"x": 1844.5672749999999, "y": 2077.40188}}