{"pectoral_line": {"x1": 604.9212276009509, "y1": 10, "x2": 10, "y2": 1824.298771582264}, "nipple": {"x": 1116.4447949999999, "y": 1860.682825}}