{"pectoral_line": {"x1": 2058.8714994855623, "y1": 10, "x2": 2790, "y2": 1763.6093457055479}, "nipple": {"x": 2053.00876, "y": 2012.7692749999999}}