{"pectoral_line": {"x1": 2199.8614437360357, "y1": 10, "x2": 2790, "y2": 1683.2163843148892}, "nipple": {"x": 1692.803945, "y": 1898.704405}}