{"pectoral_line": {"x1": 683.5292480704178, "y1": 10, "x2": 10, "y2": 1812.9858523139349}, "nipple": {"x": 937.52419, "y": 2068.80113}}