{"pectoral_line": {"x1": 2319.7181907796794, "y1": 10, "x2": 2790, "y2": 1846.3379915576008}, "nipple": {"x": 1838.886945, "y": 2228.89206}}