{"pectoral_line": {"x1": 1995.3576313116362, "y1": 10, "x2": 2790, "y2": 1677.1910005530672}, "nipple": {"x": 1826.8800800000001, "y": 2186.86818}}