{"pectoral_line": {"x1": 611.3344281385215, "y1": 10, "x2": 10, "y2": 1438.8116530544312}, "nipple": {"x": 765.426375, "y": 1866.6861700000002}}