{"pectoral_line": {"x1": 1703.579124353381, "y1": 10, "x2": 2790, "y2": 2109.5253891344573}, "nipple": {"x": 1864.901785, "y": 2340.955805}}