{"pectoral_line": {"x1": 1663.7910366069686, "y1": 10, "x2": 2790, "y2": 1960.1198276147381}, "nipple": {"x": 1684.799335, "y": 2254.9069}}