{"pectoral_line": {"x1": 1134.0942397328176, "y1": 10, "x2": 2002, "y2": 2009.9566270915066}, "nipple": {"x": 1086.6563150000002, "y": 2377.961815}}