{"pectoral_line": {"x1": 453.54199084863455, "y1": 10, "x2": 10, "y2": 1815.8495479299413}, "nipple": {"x": 1147.4318349999999, "y": 2084.18472}}