{"pectoral_line": {"x1": 1895.5922959766558, "y1": 10, "x2": 2790, "y2": 1879.5138406853264}, "nipple": {"x": 1766.846045, "y": 2160.85342}}