{"pectoral_line": {"x1": 1293.2779226903629, "y1": 10, "x2": 2002, "y2": 1397.9140569535855}, "nipple": {"x": 1125.171055, "y": 1714.412295}}