{"pectoral_line": {"x1": 1806.5737007384914, "y1": 10, "x2": 2692, "y2": 1535.185482085197}, "nipple": {"x": 2066.427155, "y": 1956.60338}}