{"pectoral_line": {"x1": 2191.0325714764667, "y1": 10, "x2": 2790, "y2": 1906.7301968176923}, "nipple": {"x": 1914.6559599999998, "y": 2344.19115}}