{"pectoral_line": {"x1": 993.9424229690403, "y1": 10, "x2": 10, "y2": 2494.0514425195693}, "nipple": {"x": 469.25799, "y": 1938.727175}}