{"pectoral_line": {"x1": 556.479144058167, "y1": 10, "x2": 10, "y2": 1525.829044676217}, "nipple": {"x": 1115.625465, "y": 2042.786345}}