{"pectoral_line": {"x1": 1322.4406911689593, "y1": 10, "x2": 2002, "y2": 1445.7355904948233}, "nipple": {"x": 990.809295, "y": 1866.36906}}