{"pectoral_line": {"x1": 1650.5497674332412, "y1": 10, "x2": 2696, "y2": 1886.7104716115166}, "nipple": {"x": 1752.78449, "y": 2498.28714}}