{"pectoral_line": {"x1": 1952.5618606921812, "y1": 10, "x2": 2790, "y2": 2133.5034360093337}, "nipple": {"x": 1610.75727, "y": 2302.9342}}