{"pectoral_line": {"x1": 771.6567370741636, "y1": 10, "x2": 10, "y2": 1489.2507441179996}, "nipple": {"x": 931.5208, "y": 2006.765855}}