{"pectoral_line": {"x1": 769.2028181983626, "y1": 10, "x2": 10, "y2": 1858.4938018295275}, "nipple": {"x": 538.115985, "y": 2102.82041}}