{"pectoral_line": {"x1": 963.2899047639037, "y1": 10, "x2": 10, "y2": 1963.5729613259186}, "nipple": {"x": 1055.591305, "y": 2216.8852850000003}}