{"pectoral_line": {"x1": 623.8310375620837, "y1": 10, "x2": 10, "y2": 1590.438531531477}, "nipple": {"x": 1011.81746, "y": 2003.65566}}