{"pectoral_line": {"x1": 1401.376664173841, "y1": 10, "x2": 2002, "y2": 1532.6611422524945}, "nipple": {"x": 1040.10031, "y": 1637.63411}}