{"pectoral_line": {"x1": 686.6788500785066, "y1": 10, "x2": 10, "y2": 1829.4146364814867}, "nipple": {"x": 936.34236, "y": 1866.686205}}