{"pectoral_line": {"x1": 768.7529722419221, "y1": 10, "x2": 10, "y2": 1656.7749656395215}, "nipple": {"x": 815.454795, "y": 1938.7272150000001}}