{"pectoral_line": {"x1": 609.3594269946391, "y1": 10, "x2": 10, "y2": 1962.0422338880223}, "nipple": {"x": 955.5344, "y": 1944.73063}}