{"pectoral_line": {"x1": 1990.41237330569, "y1": 10, "x2": 2790, "y2": 1637.9372275168334}, "nipple": {"x": 1944.9472799999999, "y": 2024.776075}}