{"pectoral_line": {"x1": 888.5751020620899, "y1": 10, "x2": 10, "y2": 1714.0494619686863}, "nipple": {"x": 861.48097, "y": 2288.92634}}