{"pectoral_line": {"x1": 1536.8882710417931, "y1": 10, "x2": 2002, "y2": 1608.1051759775219}, "nipple": {"x": 1233.6451749999999, "y": 1690.418975}}