{"pectoral_line": {"x1": 2287.2662582698263, "y1": 10, "x2": 2790, "y2": 1802.1527114269538}, "nipple": {"x": 1950.95075, "y": 2016.771565}}