{"pectoral_line": {"x1": 1014.288261097278, "y1": 10, "x2": 10, "y2": 1686.6105939903937}, "nipple": {"x": 869.337975, "y": 2244.7104299999996}}