{"pectoral_line": {"x1": 2198.8721193152187, "y1": 10, "x2": 2802, "y2": 1115.7342842423182}, "nipple": {"x": 1498.28736, "y": 1932.16647}}