{"pectoral_line": {"x1": 2229.018042905336, "y1": 10, "x2": 2790, "y2": 1508.1585226452216}, "nipple": {"x": 1716.817585, "y": 1996.760155}}