{"pectoral_line": {"x1": 770.2072850285051, "y1": 10, "x2": 10, "y2": 1803.3095374285929}, "nipple": {"x": 1009.565135, "y": 1820.660055}}