{"pectoral_line": {"x1": 2038.0487185009006, "y1": 10, "x2": 2790, "y2": 1761.1941732459125}, "nipple": {"x": 2219.10319, "y": 1834.6680000000001}}