{"pectoral_line": {"x1": 1102.9886379259256, "y1": 10, "x2": 10, "y2": 1740.5653450322054}, "nipple": {"x": 643.345265, "y": 1902.342365}}