{"pectoral_line": {"x1": 749.9045229992381, "y1": 10, "x2": 10, "y2": 1598.0878413634164}, "nipple": {"x": 791.441135, "y": 1770.6316550000001}}