{"pectoral_line": {"x1": 1931.935689010027, "y1": 10, "x2": 2790, "y2": 1599.5289623366343}, "nipple": {"x": 2105.03834, "y": 1978.7499149999999}}