{"pectoral_line": {"x1": 940.3996673255535, "y1": 10, "x2": 10, "y2": 2123.2696513994724}, "nipple": {"x": 1206.216015, "y": 2638.79906}}