{"pectoral_line": {"x1": 445.3745148469468, "y1": 10, "x2": 10, "y2": 1809.8472454504588}, "nipple": {"x": 995.5571699999999, "y": 2044.787525}}