{"pectoral_line": {"x1": 556.0560094378433, "y1": 10, "x2": 10, "y2": 1929.305738102047}, "nipple": {"x": 801.51021, "y": 1973.3993150000001}}