{"pectoral_line": {"x1": 512.090629229951, "y1": 10, "x2": 10, "y2": 1868.8035913196932}, "nipple": {"x": 1341.754, "y": 1976.748785}}