{"pectoral_line": {"x1": 651.5331315398457, "y1": 10, "x2": 10, "y2": 2007.0305344079413}, "nipple": {"x": 831.46392, "y": 2016.771545}}