{"pectoral_line": {"x1": 2290.1710849766305, "y1": 10, "x2": 2790, "y2": 1793.0435429842116}, "nipple": {"x": 1919.30141, "y": 1992.7579199999998}}