{"pectoral_line": {"x1": 2000.699247523396, "y1": 10, "x2": 2790, "y2": 1686.5439979775117}, "nipple": {"x": 2075.02127, "y": 2088.8125649999997}}