{"pectoral_line": {"x1": 2142.4544614320093, "y1": 10, "x2": 2790, "y2": 2207.918931351222}, "nipple": {"x": 1848.8926549999999, "y": 2260.910455}}