{"pectoral_line": {"x1": 2052.74631378869, "y1": 10, "x2": 2790, "y2": 1986.3728345878528}, "nipple": {"x": 1868.90405, "y": 2010.768125}}