{"pectoral_line": {"x1": 2159.2658379504196, "y1": 10, "x2": 2790, "y2": 1983.0658420917928}, "nipple": {"x": 2070.65982, "y": 2140.707855}}