{"pectoral_line": {"x1": 606.9435550268792, "y1": 10, "x2": 10, "y2": 1782.8774657591384}, "nipple": {"x": 1071.60045, "y": 2254.906965}}