{"pectoral_line": {"x1": 1438.391557977698, "y1": 10, "x2": 2790, "y2": 1511.7870327247854}, "nipple": {"x": 2069.017865, "y": 2234.89548}}