{"pectoral_line": {"x1": 770.458464291744, "y1": 10, "x2": 10, "y2": 1640.4229375915604}, "nipple": {"x": 923.5162250000001, "y": 1992.7579}}