{"pectoral_line": {"x1": 503.15521232363193, "y1": 10, "x2": 10, "y2": 2432.134031651308}, "nipple": {"x": 937.52416, "y": 1812.655495}}