{"pectoral_line": {"x1": 586.030450339562, "y1": 10, "x2": 10, "y2": 1713.6832770577996}, "nipple": {"x": 883.49346, "y": 1998.761305}}