{"pectoral_line": {"x1": 2129.832112713567, "y1": 10, "x2": 2790, "y2": 1733.771723510825}, "nipple": {"x": 2049.00639, "y": 1828.664605}}