{"pectoral_line": {"x1": 1069.89987046438, "y1": 10, "x2": 10, "y2": 2336.390290918352}, "nipple": {"x": 930.406935, "y": 2422.316645}}