{"pectoral_line": {"x1": 683.5551555472302, "y1": 10, "x2": 10, "y2": 1651.6127572499545}, "nipple": {"x": 844.290035, "y": 1832.66688}}