{"pectoral_line": {"x1": 2279.8426203518225, "y1": 10, "x2": 2790, "y2": 1405.7135713709047}, "nipple": {"x": 2016.3976, "y": 1507.64867}}