{"pectoral_line": {"x1": 546.2821443526012, "y1": 10, "x2": 10, "y2": 1851.572612060987}, "nipple": {"x": 753.41952, "y": 1876.69188}}