{"pectoral_line": {"x1": 2041.4846068882016, "y1": 10, "x2": 2790, "y2": 1737.9554960533467}, "nipple": {"x": 2026.9939000000002, "y": 2050.790925}}