{"pectoral_line": {"x1": 752.3123623270467, "y1": 10, "x2": 10, "y2": 1991.3190376326986}, "nipple": {"x": 1534.050055, "y": 2131.66416}}