{"pectoral_line": {"x1": 1931.3362558917745, "y1": 10, "x2": 2790, "y2": 1758.7416288844606}, "nipple": {"x": 1864.901805, "y": 2088.812525}}