{"pectoral_line": {"x1": 2184.8621463329423, "y1": 10, "x2": 2790, "y2": 2022.541845293092}, "nipple": {"x": 1812.872265, "y": 2188.86942}}