{"pectoral_line": {"x1": 521.3904509630833, "y1": 10, "x2": 10, "y2": 1598.3185525336075}, "nipple": {"x": 794.7274299999999, "y": 1826.439165}}