{"pectoral_line": {"x1": 1891.2541429136115, "y1": 10, "x2": 2790, "y2": 2043.6585057445375}, "nipple": {"x": 1838.88692, "y": 2176.8625749999997}}