{"pectoral_line": {"x1": 800.2615000000001, "y1": 10, "x2": 10, "y2": 1590.5230000000001}, "nipple": {"x": 927.51851, "y": 2090.813635}}