{"pectoral_line": {"x1": 648.7629508282184, "y1": 10, "x2": 10, "y2": 1795.632789719607}, "nipple": {"x": 833.0790099999999, "y": 1959.14268}}