{"pectoral_line": {"x1": 2043.5179755529646, "y1": 10, "x2": 2790, "y2": 1942.8552434510298}, "nipple": {"x": 1835.52357, "y": 2075.14102}}