{"pectoral_line": {"x1": 912.4774414350909, "y1": 10, "x2": 10, "y2": 1919.2875949561071}, "nipple": {"x": 1211.680045, "y": 1960.7396549999999}}