{"pectoral_line": {"x1": 703.7062588350539, "y1": 10, "x2": 10, "y2": 1605.2080980195578}, "nipple": {"x": 669.371755, "y": 1608.539475}}