{"pectoral_line": {"x1": 1437.8537659327237, "y1": 10, "x2": 2002, "y2": 1771.7198292351113}, "nipple": {"x": 1045.090795, "y": 1741.828225}}