{"pectoral_line": {"x1": 718.6003372311404, "y1": 10, "x2": 10, "y2": 1873.8337018908007}, "nipple": {"x": 933.52191, "y": 2198.875155}}