{"pectoral_line": {"x1": 1988.4933410290207, "y1": 10, "x2": 2790, "y2": 2019.3327701960477}, "nipple": {"x": 1778.85284, "y": 2128.835165}}