{"pectoral_line": {"x1": 661.2925617572389, "y1": 10, "x2": 10, "y2": 1545.5678292949501}, "nipple": {"x": 756.2917, "y": 1914.615255}}