{"pectoral_line": {"x1": 847.7759470235105, "y1": 10, "x2": 10, "y2": 1784.6437501742992}, "nipple": {"x": 1195.671005, "y": 2066.79993}}