{"pectoral_line": {"x1": 638.2333995241665, "y1": 10, "x2": 10, "y2": 1850.1795487934012}, "nipple": {"x": 1113.624325, "y": 1930.722595}}