{"pectoral_line": {"x1": 1950.0425451250928, "y1": 10, "x2": 2790, "y2": 2179.8901052934607}, "nipple": {"x": 1901.291215, "y": 2268.914805}}