{"pectoral_line": {"x1": 666.3616786402969, "y1": 10, "x2": 10, "y2": 1882.9047697857332}, "nipple": {"x": 653.031595, "y": 2137.604515}}