{"pectoral_line": {"x1": 632.2311411669168, "y1": 10, "x2": 10, "y2": 2064.931514375258}, "nipple": {"x": 979.548045, "y": 2274.9182450000003}}