{"pectoral_line": {"x1": 2289.3742334453914, "y1": 10, "x2": 2790, "y2": 2006.749729533786}, "nipple": {"x": 1684.79936, "y": 2214.8841}}