{"pectoral_line": {"x1": 2153.226360264749, "y1": 10, "x2": 2790, "y2": 1634.3124378025295}, "nipple": {"x": 2081.96444, "y": 1894.26692}}