{"pectoral_line": {"x1": 989.5306923125936, "y1": 10, "x2": 10, "y2": 2063.9986881430564}, "nipple": {"x": 898.66032, "y": 2319.040285}}