{"pectoral_line": {"x1": 2201.8658782676152, "y1": 10, "x2": 2790, "y2": 1618.5719622423437}, "nipple": {"x": 2109.40945, "y": 1830.665735}}