{"pectoral_line": {"x1": 2143.125270683861, "y1": 10, "x2": 2790, "y2": 2040.7622081981858}, "nipple": {"x": 1646.777715, "y": 2214.88415}}