{"pectoral_line": {"x1": 1464.4870141262575, "y1": 10, "x2": 2002, "y2": 1301.6357109633577}, "nipple": {"x": 857.142155, "y": 1685.8050349999999}}