{"pectoral_line": {"x1": 653.3841160129224, "y1": 10, "x2": 10, "y2": 1893.5008308153745}, "nipple": {"x": 975.6014349999999, "y": 1923.6589600000002}}