{"pectoral_line": {"x1": 702.1881521568289, "y1": 10, "x2": 10, "y2": 2444.802190861966}, "nipple": {"x": 853.47639, "y": 2240.89893}}