{"pectoral_line": {"x1": 1226.5580487639904, "y1": 10, "x2": 2002, "y2": 1370.3091960878703}, "nipple": {"x": 1368.00701, "y": 1743.20404}}