{"pectoral_line": {"x1": 2181.469302872947, "y1": 10, "x2": 2790, "y2": 2128.154948187942}, "nipple": {"x": 1677.258845, "y": 2222.1011700000004}}