{"pectoral_line": {"x1": 684.2950050238271, "y1": 10, "x2": 10, "y2": 1801.6981727101283}, "nipple": {"x": 925.517375, "y": 2268.9148400000004}}