{"pectoral_line": {"x1": 1194.2244939791972, "y1": 10, "x2": 2002, "y2": 1580.8999531126979}, "nipple": {"x": 1374.4052000000001, "y": 1955.943655}}