{"pectoral_line": {"x1": 2590.800932919267, "y1": 10, "x2": 2790, "y2": 1929.1136292283759}, "nipple": {"x": 1932.94047, "y": 1946.73176}}