{"pectoral_line": {"x1": 2175.4699358555936, "y1": 10, "x2": 2790, "y2": 2016.6288069167922}, "nipple": {"x": 1923.69966, "y": 2093.22842}}