{"pectoral_line": {"x1": 1684.7977224694562, "y1": 10, "x2": 2790, "y2": 1705.52790142934}, "nipple": {"x": 1982.4837200000002, "y": 2063.83639}}