{"pectoral_line": {"x1": 645.6733857609211, "y1": 10, "x2": 10, "y2": 2020.3816610614813}, "nipple": {"x": 979.548125, "y": 1960.739695}}