{"pectoral_line": {"x1": 2050.062002939221, "y1": 10, "x2": 2790, "y2": 1833.0286764189138}, "nipple": {"x": 1642.775485, "y": 2124.83297}}