{"pectoral_line": {"x1": 432.6508311726177, "y1": 10, "x2": 10, "y2": 1925.753763867409}, "nipple": {"x": 970.36173, "y": 2006.765795}}