{"pectoral_line": {"x1": 1166.1910787736788, "y1": 10, "x2": 10, "y2": 2161.5207796255386}, "nipple": {"x": 939.42663, "y": 2337.4083149999997}}