{"pectoral_line": {"x1": 880.8251783269961, "y1": 10, "x2": 10, "y2": 1745.0531962121213}, "nipple": {"x": 823.735775, "y": 2251.88208}}