{"pectoral_line": {"x1": 600.0413391582944, "y1": 10, "x2": 10, "y2": 1194.453382001915}, "nipple": {"x": 935.52307, "y": 1736.612295}}