{"pectoral_line": {"x1": 2220.5333435448665, "y1": 10, "x2": 2790, "y2": 1728.217975894793}, "nipple": {"x": 2036.74588, "y": 2018.6178799999998}}