{"pectoral_line": {"x1": 643.7198443673439, "y1": 10, "x2": 10, "y2": 1645.0544639029654}, "nipple": {"x": 959.53671, "y": 1980.75105}}