{"pectoral_line": {"x1": 1885.866568876524, "y1": 10, "x2": 2790, "y2": 2067.0552600144497}, "nipple": {"x": 1490.68906, "y": 2340.9558749999997}}