{"pectoral_line": {"x1": 2206.737044119213, "y1": 10, "x2": 2790, "y2": 1997.855416240822}, "nipple": {"x": 1772.217655, "y": 2023.13967}}