{"pectoral_line": {"x1": 2106.0669456361475, "y1": 10, "x2": 2790, "y2": 1590.1212062547681}, "nipple": {"x": 2104.5736349999997, "y": 1797.0471300000002}}