{"pectoral_line": {"x1": 565.0311056316889, "y1": 10, "x2": 10, "y2": 2041.7193007387423}, "nipple": {"x": 631.35014, "y": 2002.76364}}