{"pectoral_line": {"x1": 1957.6910622106707, "y1": 10, "x2": 2790, "y2": 1762.8931552255638}, "nipple": {"x": 1528.71065, "y": 2218.886355}}