{"pectoral_line": {"x1": 1341.6942991928486, "y1": 10, "x2": 2002, "y2": 1704.2030484739646}, "nipple": {"x": 1333.11194, "y": 1811.9844850000002}}