{"pectoral_line": {"x1": 2130.4996730290645, "y1": 10, "x2": 2790, "y2": 1918.020059801292}, "nipple": {"x": 2097.0337, "y": 2122.8317500000003}}