{"pectoral_line": {"x1": 2374.817205209298, "y1": 10, "x2": 2790, "y2": 1723.7332573262395}, "nipple": {"x": 1764.844895, "y": 1848.6760100000001}}