{"pectoral_line": {"x1": 1563.1743047983773, "y1": 10, "x2": 2002, "y2": 1419.9973317657734}, "nipple": {"x": 1396.798815, "y": 1588.0481650000002}}