{"pectoral_line": {"x1": 679.3155552918821, "y1": 10, "x2": 10, "y2": 1848.6492325853956}, "nipple": {"x": 924.90797, "y": 1939.94811}}