{"pectoral_line": {"x1": 2258.2870463799145, "y1": 10, "x2": 2790, "y2": 2159.770238036005}, "nipple": {"x": 1794.86198, "y": 2144.84409}}