{"pectoral_line": {"x1": 1172.7008275723717, "y1": 10, "x2": 2002, "y2": 1677.1921055095802}, "nipple": {"x": 1355.21059, "y": 1770.396295}}