{"pectoral_line": {"x1": 855.4873055821272, "y1": 10, "x2": 10, "y2": 1637.8785179358817}, "nipple": {"x": 1057.592465, "y": 1912.7124000000001}}