{"pectoral_line": {"x1": 1171.998239775911, "y1": 10, "x2": 2002, "y2": 1826.6875047280664}, "nipple": {"x": 1049.992495, "y": 1909.5567600000002}}