{"pectoral_line": {"x1": 588.9618575635361, "y1": 10, "x2": 10, "y2": 1672.8829191838688}, "nipple": {"x": 673.374035, "y": 1974.7476100000001}}