{"pectoral_line": {"x1": 1240.5762530009172, "y1": 10, "x2": 2002, "y2": 1597.6495178926111}, "nipple": {"x": 768.1776550000001, "y": 2320.63987}}