{"pectoral_line": {"x1": 849.0326123284605, "y1": 10, "x2": 10, "y2": 1829.65197998227}, "nipple": {"x": 863.755035, "y": 2173.748515}}