{"pectoral_line": {"x1": 2310.560401988397, "y1": 10, "x2": 2790, "y2": 1439.7573946061138}, "nipple": {"x": 1992.97453, "y": 1862.6839149999998}}