{"pectoral_line": {"x1": 2156.727941820728, "y1": 10, "x2": 2790, "y2": 1875.3987368426876}, "nipple": {"x": 2055.009855, "y": 1802.64982}}