{"pectoral_line": {"x1": 529.5275098142598, "y1": 10, "x2": 10, "y2": 1861.781262802429}, "nipple": {"x": 1067.59814, "y": 2150.847855}}