{"pectoral_line": {"x1": 676.206438997742, "y1": 10, "x2": 10, "y2": 1822.0814531462242}, "nipple": {"x": 733.907205, "y": 2090.305295}}