{"pectoral_line": {"x1": 2146.8669612166846, "y1": 10, "x2": 2790, "y2": 1980.8921377358495}, "nipple": {"x": 1966.959785, "y": 2076.805675}}