{"pectoral_line": {"x1": 2189.446442639913, "y1": 10, "x2": 2790, "y2": 1472.886877769062}, "nipple": {"x": 1962.135335, "y": 1645.565125}}