{"pectoral_line": {"x1": 1314.839116838159, "y1": 10, "x2": 2002, "y2": 1671.6799386793743}, "nipple": {"x": 1342.414245, "y": 1802.38724}}