{"pectoral_line": {"x1": 2110.8862968585195, "y1": 10, "x2": 2790, "y2": 1848.9798697381884}, "nipple": {"x": 2287.51072, "y": 1998.7613399999998}}