{"pectoral_line": {"x1": 540.4613764861633, "y1": 10, "x2": 10, "y2": 1511.3056680867314}, "nipple": {"x": 915.51166, "y": 1772.632735}}