{"pectoral_line": {"x1": 2342.482702401458, "y1": 10, "x2": 2790, "y2": 1535.820871396806}, "nipple": {"x": 1870.90516, "y": 1876.691885}}