{"pectoral_line": {"x1": 642.9795476999858, "y1": 10, "x2": 10, "y2": 1972.2365990865324}, "nipple": {"x": 887.49576, "y": 2230.89322}}