{"pectoral_line": {"x1": 971.3687218354828, "y1": 10, "x2": 10, "y2": 1900.0059891738147}, "nipple": {"x": 892.91707, "y": 2280.65124}}