{"pectoral_line": {"x1": 610.6675793715532, "y1": 10, "x2": 10, "y2": 1949.4435687633977}, "nipple": {"x": 1039.582225, "y": 2100.81941}}