{"pectoral_line": {"x1": 679.338534545394, "y1": 10, "x2": 10, "y2": 1609.605634195445}, "nipple": {"x": 898.753555, "y": 1917.46688}}