{"pectoral_line": {"x1": 554.9233015963039, "y1": 10, "x2": 10, "y2": 2179.0746492920075}, "nipple": {"x": 1335.9877999999999, "y": 2516.021485}}