{"pectoral_line": {"x1": 1947.9654417542838, "y1": 10, "x2": 2790, "y2": 1850.001436897702}, "nipple": {"x": 1852.894895, "y": 2160.85353}}