{"pectoral_line": {"x1": 1522.3495987855595, "y1": 10, "x2": 2790, "y2": 1470.8159356049484}, "nipple": {"x": 2008.983655, "y": 2026.77716}}