{"pectoral_line": {"x1": 604.4664243812712, "y1": 10, "x2": 10, "y2": 2287.3923614374385}, "nipple": {"x": 979.54804, "y": 2124.832965}}