{"pectoral_line": {"x1": 1071.2826613717907, "y1": 10, "x2": 2002, "y2": 1826.191475654774}, "nipple": {"x": 1097.499475, "y": 2305.673905}}