{"pectoral_line": {"x1": 2037.3450900528735, "y1": 10, "x2": 2790, "y2": 1603.386441265905}, "nipple": {"x": 1956.95406, "y": 1858.681675}}