{"pectoral_line": {"x1": 728.7301131202469, "y1": 10, "x2": 10, "y2": 2042.5378472384266}, "nipple": {"x": 665.7244850000001, "y": 2119.79284}}