{"pectoral_line": {"x1": 660.8390891201213, "y1": 10, "x2": 10, "y2": 1976.26728992658}, "nipple": {"x": 925.517345, "y": 2084.81031}}