{"pectoral_line": {"x1": 1345.0807327296825, "y1": 10, "x2": 2790, "y2": 2000.305425720958}, "nipple": {"x": 2127.05079, "y": 2124.832965}}