{"pectoral_line": {"x1": 745.8859398974548, "y1": 10, "x2": 10, "y2": 1664.7635116221297}, "nipple": {"x": 507.426735, "y": 1784.7922449999999}}