{"pectoral_line": {"x1": 1099.1618101951838, "y1": 10, "x2": 10, "y2": 2114.4820541743375}, "nipple": {"x": 1211.6800449999998, "y": 2150.84779}}