{"pectoral_line": {"x1": 2070.139435412629, "y1": 10, "x2": 2790, "y2": 1723.9537354360368}, "nipple": {"x": 1347.163675, "y": 2242.4494449999997}}