{"pectoral_line": {"x1": 643.1644968177015, "y1": 10, "x2": 10, "y2": 2114.844017598746}, "nipple": {"x": 843.470695, "y": 1950.734055}}