{"pectoral_line": {"x1": 442.902876375995, "y1": 10, "x2": 10, "y2": 1395.2891831449922}, "nipple": {"x": 648.51494, "y": 1736.67166}}