{"pectoral_line": {"x1": 2007.6228208259693, "y1": 10, "x2": 2790, "y2": 1717.4855866264481}, "nipple": {"x": 2131.05308, "y": 1996.760155}}