{"pectoral_line": {"x1": 1665.3121039447433, "y1": 10, "x2": 2790, "y2": 1585.7345940018824}, "nipple": {"x": 2191.08721, "y": 1810.654375}}