{"pectoral_line": {"x1": 1099.6423670843037, "y1": 10, "x2": 2002, "y2": 1467.6548245102542}, "nipple": {"x": 1420.791975, "y": 1808.7854300000001}}