{"pectoral_line": {"x1": 1034.3707612336798, "y1": 10, "x2": 10, "y2": 2293.0146726219646}, "nipple": {"x": 1053.81621, "y": 2195.875325}}