{"pectoral_line": {"x1": 796.4582764270183, "y1": 10, "x2": 10, "y2": 2068.021638950869}, "nipple": {"x": 808.29298, "y": 2280.88523}}