{"pectoral_line": {"x1": 2099.0698469286576, "y1": 10, "x2": 2790, "y2": 1511.6215227006223}, "nipple": {"x": 2004.981355, "y": 2020.77386}}