{"pectoral_line": {"x1": 2124.5075728986176, "y1": 10, "x2": 2790, "y2": 1780.5762099437127}, "nipple": {"x": 2201.793495, "y": 2000.5304800000001}}