{"pectoral_line": {"x1": 2163.3277328662666, "y1": 10, "x2": 2790, "y2": 1760.5045279888816}, "nipple": {"x": 1896.91993, "y": 2062.797635}}