{"pectoral_line": {"x1": 1082.678345053011, "y1": 10, "x2": 2002, "y2": 1924.2039697754367}, "nipple": {"x": 968.120765, "y": 2271.05382}}