{"pectoral_line": {"x1": 2196.402501164083, "y1": 10, "x2": 2790, "y2": 1538.7935489760825}, "nipple": {"x": 1871.698375, "y": 2072.88003}}