{"pectoral_line": {"x1": 2219.3831053127415, "y1": 10, "x2": 2790, "y2": 1389.855425535458}, "nipple": {"x": 1842.306345, "y": 1756.35047}}