{"pectoral_line": {"x1": 1092.1594350517116, "y1": 10, "x2": 2002, "y2": 1516.7423206192302}, "nipple": {"x": 1171.594615, "y": 2177.362855}}