{"pectoral_line": {"x1": 1229.481836690227, "y1": 10, "x2": 2002, "y2": 1530.2496696806704}, "nipple": {"x": 1227.24704, "y": 1850.37355}}