{"pectoral_line": {"x1": 551.4350158368607, "y1": 10, "x2": 10, "y2": 1411.7151003988533}, "nipple": {"x": 518.89454, "y": 1550.60626}}