{"pectoral_line": {"x1": 1009.5083560114849, "y1": 10, "x2": 10, "y2": 1878.2871329203617}, "nipple": {"x": 1021.82528, "y": 1952.7444500000001}}