{"pectoral_line": {"x1": 939.9805492978214, "y1": 10, "x2": 10, "y2": 1862.6383717245299}, "nipple": {"x": 885.49461, "y": 2052.791995}}