{"pectoral_line": {"x1": 2113.106609219997, "y1": 10, "x2": 2790, "y2": 1409.5228412440774}, "nipple": {"x": 1949.3185899999999, "y": 1816.65777}}