{"pectoral_line": {"x1": 1179.8555617679997, "y1": 10, "x2": 2002, "y2": 1682.8210126842775}, "nipple": {"x": 1433.8832750000001, "y": 1976.737545}}