{"pectoral_line": {"x1": 1384.9860088570929, "y1": 10, "x2": 2002, "y2": 1636.6732527924291}, "nipple": {"x": 969.720285, "y": 1890.362205}}