{"pectoral_line": {"x1": 297.30332937172284, "y1": 10, "x2": 10, "y2": 1874.9514395867604}, "nipple": {"x": 899.5025599999999, "y": 1890.6998600000002}}