{"pectoral_line": {"x1": 2314.8139223158455, "y1": 10, "x2": 2790, "y2": 1574.1538023796377}, "nipple": {"x": 2085.026895, "y": 1860.682855}}