{"pectoral_line": {"x1": 2168.458791999264, "y1": 10, "x2": 2790, "y2": 1290.6251759100328}, "nipple": {"x": 2209.0974199999996, "y": 1632.55307}}