{"pectoral_line": {"x1": 2183.04814022903, "y1": 10, "x2": 2790, "y2": 2140.0577063362334}, "nipple": {"x": 1956.954085, "y": 2172.860345}}