{"pectoral_line": {"x1": 894.1037019042725, "y1": 10, "x2": 10, "y2": 1645.2005745188337}, "nipple": {"x": 967.54126, "y": 2026.77719}}