{"pectoral_line": {"x1": 750.5404005086443, "y1": 10, "x2": 10, "y2": 1788.6811332088616}, "nipple": {"x": 1107.620875, "y": 1954.7362500000002}}