{"pectoral_line": {"x1": 608.8015090513145, "y1": 10, "x2": 10, "y2": 2238.872280966231}, "nipple": {"x": 1059.255735, "y": 2188.1872249999997}}