{"pectoral_line": {"x1": 2063.083932955066, "y1": 10, "x2": 2790, "y2": 1709.4802263368558}, "nipple": {"x": 1974.9643700000001, "y": 2024.77605}}