{"pectoral_line": {"x1": 2230.2582318694003, "y1": 10, "x2": 2790, "y2": 1959.2015036132616}, "nipple": {"x": 1990.9734, "y": 2222.88875}}