{"pectoral_line": {"x1": 1921.5533747899265, "y1": 10, "x2": 2790, "y2": 1713.4909810100066}, "nipple": {"x": 1798.86418, "y": 2034.7817949999999}}