{"pectoral_line": {"x1": 852.3343587843453, "y1": 10, "x2": 10, "y2": 1331.0380301120813}, "nipple": {"x": 813.45364, "y": 1820.66002}}