{"pectoral_line": {"x1": 538.8136349646844, "y1": 10, "x2": 10, "y2": 1994.606451255938}, "nipple": {"x": 921.33926, "y": 1941.74636}}