{"pectoral_line": {"x1": 639.4784188559527, "y1": 10, "x2": 10, "y2": 1576.1423100533716}, "nipple": {"x": 605.2241600000001, "y": 1824.116105}}