{"pectoral_line": {"x1": 675.3765517074369, "y1": 10, "x2": 10, "y2": 1542.5476393995816}, "nipple": {"x": 803.77113, "y": 1618.434015}}