{"pectoral_line": {"x1": 2251.977104403608, "y1": 10, "x2": 2790, "y2": 1971.018653334229}, "nipple": {"x": 2161.07006, "y": 2014.77044}}