{"pectoral_line": {"x1": 1468.564719536601, "y1": 10, "x2": 2790, "y2": 1777.220671107055}, "nipple": {"x": 1855.579495, "y": 2422.84951}}