{"pectoral_line": {"x1": 1642.2280127237273, "y1": 10, "x2": 2790, "y2": 1891.474016856265}, "nipple": {"x": 2014.98713, "y": 2328.94897}}