{"pectoral_line": {"x1": 682.2076389467106, "y1": 10, "x2": 10, "y2": 2227.201011259539}, "nipple": {"x": 1176.823895, "y": 2296.711655}}