{"pectoral_line": {"x1": 2101.6065607761193, "y1": 10, "x2": 2802, "y2": 2032.6879494827588}, "nipple": {"x": 1852.621835, "y": 1852.74676}}