{"pectoral_line": {"x1": 922.4247598446898, "y1": 10, "x2": 10, "y2": 1874.2752630258399}, "nipple": {"x": 995.680485, "y": 2365.3114950000004}}