{"pectoral_line": {"x1": 854.2210496295181, "y1": 10, "x2": 10, "y2": 1555.469177499545}, "nipple": {"x": 787.94466, "y": 1937.224505}}