{"pectoral_line": {"x1": 1920.2747623439573, "y1": 10, "x2": 2790, "y2": 1713.6379298475624}, "nipple": {"x": 1878.90972, "y": 1974.7477099999999}}