{"pectoral_line": {"x1": 620.1312421285194, "y1": 10, "x2": 10, "y2": 2009.1533974785464}, "nipple": {"x": 1487.4412949999999, "y": 2610.94933}}