{"pectoral_line": {"x1": 2448.22502848738, "y1": 10, "x2": 2790, "y2": 1751.6468259011729}, "nipple": {"x": 1902.9234, "y": 1938.727115}}