{"pectoral_line": {"x1": 778.1668145926416, "y1": 10, "x2": 10, "y2": 2156.087420158688}, "nipple": {"x": 927.518485, "y": 2004.764705}}