{"pectoral_line": {"x1": 721.7307886251167, "y1": 10, "x2": 10, "y2": 1756.516686444095}, "nipple": {"x": 1053.590205, "y": 1958.738555}}