{"pectoral_line": {"x1": 1706.9782659150567, "y1": 10, "x2": 2790, "y2": 1686.7591323621343}, "nipple": {"x": 2045.00412, "y": 2046.788605}}