{"pectoral_line": {"x1": 801.2043881166603, "y1": 10, "x2": 10, "y2": 1491.618391959267}, "nipple": {"x": 1004.38105, "y": 2040.785205}}