{"pectoral_line": {"x1": 2157.3473228534203, "y1": 10, "x2": 2790, "y2": 1750.9075111564264}, "nipple": {"x": 1826.8138199999999, "y": 1989.225855}}