{"pectoral_line": {"x1": 1876.8988302938512, "y1": 10, "x2": 2790, "y2": 1659.6691730306547}, "nipple": {"x": 2014.98709, "y": 2208.880735}}