{"pectoral_line": {"x1": 581.3766950256903, "y1": 10, "x2": 10, "y2": 1946.3320703533511}, "nipple": {"x": 795.44341, "y": 2138.84097}}