{"pectoral_line": {"x1": 619.6989078813394, "y1": 10, "x2": 10, "y2": 1586.392566749478}, "nipple": {"x": 1386.59834, "y": 1946.731705}}