{"pectoral_line": {"x1": 2189.1286253906223, "y1": 10, "x2": 2790, "y2": 2062.576634209993}, "nipple": {"x": 1856.8971800000002, "y": 2264.912575}}