{"pectoral_line": {"x1": 896.6805330250613, "y1": 10, "x2": 10, "y2": 1724.249020668714}, "nipple": {"x": 826.279795, "y": 2216.885305}}