{"pectoral_line": {"x1": 445.38056216322383, "y1": 10, "x2": 10, "y2": 1648.5289926090063}, "nipple": {"x": 677.37632, "y": 1768.630495}}