{"pectoral_line": {"x1": 1921.8418037531524, "y1": 10, "x2": 2790, "y2": 2009.6102767841355}, "nipple": {"x": 2030.996235, "y": 2146.845535}}