{"pectoral_line": {"x1": 2162.888311066752, "y1": 10, "x2": 2790, "y2": 2154.1246979921893}, "nipple": {"x": 2016.397605, "y": 2389.4095350000002}}