{"pectoral_line": {"x1": 732.5450155484339, "y1": 10, "x2": 10, "y2": 2167.6687475866606}, "nipple": {"x": 1445.813085, "y": 2258.90915}}