{"pectoral_line": {"x1": 881.452586440862, "y1": 10, "x2": 10, "y2": 1544.1740446672343}, "nipple": {"x": 859.4798049999999, "y": 2046.7886}}