{"pectoral_line": {"x1": 546.512148583689, "y1": 10, "x2": 10, "y2": 1619.536389896157}, "nipple": {"x": 823.459345, "y": 1710.5974700000002}}