{"pectoral_line": {"x1": 1866.405916694663, "y1": 10, "x2": 2790, "y2": 2011.1205286290515}, "nipple": {"x": 1792.5659799999999, "y": 1964.35561}}