{"pectoral_line": {"x1": 2189.3830335206912, "y1": 10, "x2": 2790, "y2": 1970.1947214177462}, "nipple": {"x": 1754.839165, "y": 2190.870595}}