{"pectoral_line": {"x1": 1057.1873046931346, "y1": 10, "x2": 10, "y2": 2034.1720729907267}, "nipple": {"x": 815.45482, "y": 2016.7715199999998}}