{"pectoral_line": {"x1": 686.8359678023073, "y1": 10, "x2": 10, "y2": 1391.873426713366}, "nipple": {"x": 1042.40265, "y": 1832.666885}}