{"pectoral_line": {"x1": 593.183779046303, "y1": 10, "x2": 10, "y2": 1171.0172256143676}, "nipple": {"x": 833.16317, "y": 1720.175665}}