{"pectoral_line": {"x1": 1605.4511006380637, "y1": 10, "x2": 2002, "y2": 1121.9721845830436}, "nipple": {"x": 1025.211595, "y": 1647.853885}}