{"pectoral_line": {"x1": 932.7054043935208, "y1": 10, "x2": 10, "y2": 1818.290550898976}, "nipple": {"x": 713.39677, "y": 2266.91373}}