{"pectoral_line": {"x1": 1070.344138826936, "y1": 10, "x2": 2002, "y2": 1949.008839788278}, "nipple": {"x": 1225.647505, "y": 2203.8729749999998}}