{"pectoral_line": {"x1": 910.6713187848397, "y1": 10, "x2": 10, "y2": 1630.5191246276713}, "nipple": {"x": 1054.7338849999999, "y": 2043.488065}}