{"pectoral_line": {"x1": 1155.182457843679, "y1": 10, "x2": 10, "y2": 2242.2337731510243}, "nipple": {"x": 1015.568535, "y": 2435.009275}}