{"pectoral_line": {"x1": 642.1097937703382, "y1": 10, "x2": 10, "y2": 1760.8881716509989}, "nipple": {"x": 650.0282, "y": 1806.0908299999999}}