{"pectoral_line": {"x1": 666.5907173779073, "y1": 10, "x2": 10, "y2": 1445.9585686944504}, "nipple": {"x": 1348.084085, "y": 2282.180355}}