{"pectoral_line": {"x1": 1292.3897020298705, "y1": 10, "x2": 2790, "y2": 1909.8253414080123}, "nipple": {"x": 2393.2021299999997, "y": 1758.624815}}