{"pectoral_line": {"x1": 624.057897604664, "y1": 10, "x2": 10, "y2": 1560.3442006500868}, "nipple": {"x": 670.37653, "y": 2002.7914050000002}}