{"pectoral_line": {"x1": 2208.1681534637996, "y1": 10, "x2": 2790, "y2": 2185.2570034560886}, "nipple": {"x": 2045.004095, "y": 2060.796535}}