{"pectoral_line": {"x1": 1567.242960496827, "y1": 10, "x2": 2002, "y2": 1671.8935055090262}, "nipple": {"x": 1417.59289, "y": 1677.62273}}