{"pectoral_line": {"x1": 2020.765715742959, "y1": 10, "x2": 2790, "y2": 1928.9896492136836}, "nipple": {"x": 1838.886975, "y": 1970.745385}}