{"pectoral_line": {"x1": 666.4918233975199, "y1": 10, "x2": 10, "y2": 1863.9814681246892}, "nipple": {"x": 707.39338, "y": 1828.664585}}