{"pectoral_line": {"x1": 753.6072047124733, "y1": 10, "x2": 10, "y2": 1867.025975127668}, "nipple": {"x": 955.534425, "y": 1994.75902}}