{"pectoral_line": {"x1": 693.6494575963078, "y1": 10, "x2": 10, "y2": 1425.637846622662}, "nipple": {"x": 853.8730899999999, "y": 1784.792255}}