{"pectoral_line": {"x1": 746.134553697668, "y1": 10, "x2": 10, "y2": 1294.0843948895613}, "nipple": {"x": 820.27639, "y": 1814.6566}}