{"pectoral_line": {"x1": 831.678379453972, "y1": 10, "x2": 10, "y2": 1799.2168137664416}, "nipple": {"x": 677.92316, "y": 1851.97311}}