{"pectoral_line": {"x1": 859.8353063897544, "y1": 10, "x2": 10, "y2": 1751.9509643801762}, "nipple": {"x": 770.69673, "y": 1871.1676599999998}}