{"pectoral_line": {"x1": 2074.5698880601844, "y1": 10, "x2": 2790, "y2": 1924.130906888842}, "nipple": {"x": 1780.85395, "y": 2278.9206}}