{"pectoral_line": {"x1": 757.3066312501531, "y1": 10, "x2": 10, "y2": 1853.1495036025053}, "nipple": {"x": 1007.4294, "y": 1928.751305}}