{"pectoral_line": {"x1": 590.4890282277898, "y1": 10, "x2": 10, "y2": 1517.3989353088848}, "nipple": {"x": 887.4958200000001, "y": 1926.720225}}