{"pectoral_line": {"x1": 2166.851310089851, "y1": 10, "x2": 2790, "y2": 1796.033081355517}, "nipple": {"x": 1721.188835, "y": 2212.88305}}