{"pectoral_line": {"x1": 1965.0131441121814, "y1": 10, "x2": 2790, "y2": 1737.619517345082}, "nipple": {"x": 1907.873185, "y": 1941.74636}}