{"pectoral_line": {"x1": 990.6084851502749, "y1": 10, "x2": 2002, "y2": 1464.8094950299226}, "nipple": {"x": 995.31302, "y": 1679.222305}}