{"pectoral_line": {"x1": 2234.5562335171035, "y1": 10, "x2": 2790, "y2": 1492.8819854900014}, "nipple": {"x": 2113.617395, "y": 1760.8723249999998}}