{"pectoral_line": {"x1": 868.1015507394877, "y1": 10, "x2": 10, "y2": 1576.2435954534315}, "nipple": {"x": 671.3729099999999, "y": 2040.78521}}