{"pectoral_line": {"x1": 857.7465080313324, "y1": 10, "x2": 10, "y2": 2211.4063970760917}, "nipple": {"x": 819.457065, "y": 2068.8011500000002}}