{"pectoral_line": {"x1": 612.147690672376, "y1": 10, "x2": 10, "y2": 2184.6987849940183}, "nipple": {"x": 905.5059799999999, "y": 2232.8944349999997}}