{"pectoral_line": {"x1": 678.7720057477413, "y1": 10, "x2": 10, "y2": 1878.4248645896766}, "nipple": {"x": 672.637455, "y": 2181.404395}}