{"pectoral_line": {"x1": 618.4816013083364, "y1": 10, "x2": 10, "y2": 1706.0867170826414}, "nipple": {"x": 804.9420700000001, "y": 1935.1494}}