{"pectoral_line": {"x1": 1045.6179876742356, "y1": 10, "x2": 10, "y2": 1691.0030895833968}, "nipple": {"x": 829.091945, "y": 2205.19109}}