{"pectoral_line": {"x1": 681.8049534187871, "y1": 10, "x2": 10, "y2": 1670.588178897235}, "nipple": {"x": 931.5208, "y": 1758.6247600000002}}