{"pectoral_line": {"x1": 694.535709288907, "y1": 10, "x2": 10, "y2": 1457.3040518699854}, "nipple": {"x": 771.429775, "y": 1574.520125}}