{"pectoral_line": {"x1": 702.4850133381885, "y1": 10, "x2": 10, "y2": 1679.782374940819}, "nipple": {"x": 1041.16834, "y": 2127.14224}}