{"pectoral_line": {"x1": 897.1808899422979, "y1": 10, "x2": 10, "y2": 1975.4468858182656}, "nipple": {"x": 1274.0436300000001, "y": 2454.976435}}