{"pectoral_line": {"x1": 1056.411720975826, "y1": 10, "x2": 10, "y2": 1637.7516475262792}, "nipple": {"x": 666.56867, "y": 1907.7296649999998}}