{"pectoral_line": {"x1": 979.921465659562, "y1": 10, "x2": 10, "y2": 1791.1284762852308}, "nipple": {"x": 785.43772, "y": 1966.74315}}