{"pectoral_line": {"x1": 955.3623085851706, "y1": 10, "x2": 10, "y2": 1764.0456353453355}, "nipple": {"x": 982.4853850000001, "y": 2086.93328}}