{"pectoral_line": {"x1": 2058.8308343334425, "y1": 10, "x2": 2790, "y2": 1359.850776228929}, "nipple": {"x": 1755.208175, "y": 1792.6441200000002}}