{"pectoral_line": {"x1": 738.087637660472, "y1": 10, "x2": 10, "y2": 1690.5857905388102}, "nipple": {"x": 1101.61749, "y": 2160.853445}}