{"pectoral_line": {"x1": 808.3707843303511, "y1": 10, "x2": 10, "y2": 1938.458951128095}, "nipple": {"x": 665.3694499999999, "y": 2030.779505}}