{"pectoral_line": {"x1": 2134.882195532709, "y1": 10, "x2": 2790, "y2": 1766.0798180805584}, "nipple": {"x": 2227.107665, "y": 1898.70446}}