{"pectoral_line": {"x1": 2080.154016140208, "y1": 10, "x2": 2790, "y2": 1930.504066303618}, "nipple": {"x": 1666.78908, "y": 2080.807965}}