{"pectoral_line": {"x1": 2078.2576285684504, "y1": 10, "x2": 2790, "y2": 1862.7034533046344}, "nipple": {"x": 2016.39754, "y": 2090.967435}}