{"pectoral_line": {"x1": 2073.4325244957977, "y1": 10, "x2": 2790, "y2": 1952.3936117811927}, "nipple": {"x": 2071.387885, "y": 2280.92182}}