{"pectoral_line": {"x1": 622.3486092909428, "y1": 10, "x2": 10, "y2": 1588.9846130211236}, "nipple": {"x": 573.317135, "y": 1878.6930300000001}}