{"pectoral_line": {"x1": 2140.559819869005, "y1": 10, "x2": 2790, "y2": 2051.0977260810614}, "nipple": {"x": 1973.44003, "y": 2260.5368399999998}}