{"pectoral_line": {"x1": 715.1885575498621, "y1": 10, "x2": 10, "y2": 1757.1834474744535}, "nipple": {"x": 821.4581949999999, "y": 2220.88751}}