{"pectoral_line": {"x1": 660.0308795877983, "y1": 10, "x2": 10, "y2": 1546.436634814259}, "nipple": {"x": 1018.626255, "y": 1922.35296}}