{"pectoral_line": {"x1": 888.1875737686665, "y1": 10, "x2": 10, "y2": 1635.4174245559511}, "nipple": {"x": 669.3717300000001, "y": 1880.694185}}