{"pectoral_line": {"x1": 1074.4152833735934, "y1": 10, "x2": 10, "y2": 1567.5342060569928}, "nipple": {"x": 741.4127149999999, "y": 1982.752275}}