{"pectoral_line": {"x1": 723.767606386872, "y1": 10, "x2": 10, "y2": 1695.0204329899764}, "nipple": {"x": 1091.611815, "y": 1562.513275}}