{"pectoral_line": {"x1": 1968.812590292143, "y1": 10, "x2": 2790, "y2": 1928.1017213250075}, "nipple": {"x": 2117.0451199999998, "y": 2090.813575}}