{"pectoral_line": {"x1": 698.2815361940868, "y1": 10, "x2": 10, "y2": 1971.3774082596165}, "nipple": {"x": 1984.119195, "y": 1948.732905}}