{"pectoral_line": {"x1": 1266.5052068251812, "y1": 10, "x2": 2002, "y2": 1767.5907682275003}, "nipple": {"x": 1033.70208, "y": 2223.06746}}