{"pectoral_line": {"x1": 699.2274877924916, "y1": 10, "x2": 10, "y2": 1925.726896180189}, "nipple": {"x": 797.4445499999999, "y": 2214.8841}}