{"pectoral_line": {"x1": 2304.958330178069, "y1": 10, "x2": 2790, "y2": 1653.078614956146}, "nipple": {"x": 2133.965665, "y": 1842.2656399999998}}