{"pectoral_line": {"x1": 2184.275825721853, "y1": 10, "x2": 2790, "y2": 1787.6687484966792}, "nipple": {"x": 2215.100885, "y": 2098.8181950000003}}