{"pectoral_line": {"x1": 933.6003881651461, "y1": 10, "x2": 10, "y2": 1909.234604864891}, "nipple": {"x": 848.98964, "y": 2464.0201300000003}}