{"pectoral_line": {"x1": 617.0033162856334, "y1": 10, "x2": 10, "y2": 1815.3115820440958}, "nipple": {"x": 1001.560615, "y": 2212.8829400000004}}