{"pectoral_line": {"x1": 1656.9544950402037, "y1": 10, "x2": 2002, "y2": 1520.8303362352074}, "nipple": {"x": 1056.095715, "y": 1890.362225}}