{"pectoral_line": {"x1": 689.5094549349562, "y1": 10, "x2": 10, "y2": 1960.2804013862103}, "nipple": {"x": 1009.5153750000001, "y": 2305.75547}}