{"pectoral_line": {"x1": 1453.8796927544363, "y1": 10, "x2": 2002, "y2": 1742.2275118137277}, "nipple": {"x": 1093.18019, "y": 2002.33034}}