{"pectoral_line": {"x1": 916.1558940346412, "y1": 10, "x2": 10, "y2": 2237.178377788018}, "nipple": {"x": 761.424095, "y": 2338.9546450000003}}