{"pectoral_line": {"x1": 2159.4702506765116, "y1": 10, "x2": 2790, "y2": 1638.8685373198016}, "nipple": {"x": 1666.789105, "y": 2092.814725}}