{"pectoral_line": {"x1": 1131.7463243464692, "y1": 10, "x2": 10, "y2": 1777.6003741893312}, "nipple": {"x": 687.381975, "y": 2222.888645}}