{"pectoral_line": {"x1": 1163.2542193422594, "y1": 10, "x2": 10, "y2": 1857.5019045408385}, "nipple": {"x": 943.52762, "y": 1782.6384699999999}}