{"pectoral_line": {"x1": 916.9117878028061, "y1": 10, "x2": 2002, "y2": 1701.804431427516}, "nipple": {"x": 1376.004735, "y": 2103.10163}}