{"pectoral_line": {"x1": 2074.6404262220194, "y1": 10, "x2": 2790, "y2": 1566.7199980187904}, "nipple": {"x": 1757.209335, "y": 2034.781755}}