{"pectoral_line": {"x1": 1937.8956626966901, "y1": 10, "x2": 2790, "y2": 1414.8206714293262}, "nipple": {"x": 1867.17653, "y": 1937.22451}}