{"pectoral_line": {"x1": 591.2879871185187, "y1": 10, "x2": 10, "y2": 1629.6191250878126}, "nipple": {"x": 961.53784, "y": 1988.755675}}