{"pectoral_line": {"x1": 931.4609776809284, "y1": 10, "x2": 10, "y2": 1909.8940716239601}, "nipple": {"x": 867.07705, "y": 2240.18858}}