{"pectoral_line": {"x1": 2255.455172660879, "y1": 10, "x2": 2790, "y2": 2045.8188039171173}, "nipple": {"x": 1942.94617, "y": 2342.956945}}