{"pectoral_line": {"x1": 636.4306848, "y1": 10, "x2": 10, "y2": 1750.0852355555558}, "nipple": {"x": 790.2055799999999, "y": 1840.004705}}