{"pectoral_line": {"x1": 1015.9313973409189, "y1": 10, "x2": 10, "y2": 1936.251738983688}, "nipple": {"x": 945.528745, "y": 2479.0343900000003}}