{"pectoral_line": {"x1": 2081.8924708412897, "y1": 10, "x2": 2790, "y2": 1706.2136977146615}, "nipple": {"x": 2236.04139, "y": 1923.65896}}