{"pectoral_line": {"x1": 763.2152019493159, "y1": 10, "x2": 10, "y2": 1631.3276285239183}, "nipple": {"x": 616.1143199999999, "y": 1801.568975}}