{"pectoral_line": {"x1": 2193.723464025956, "y1": 10, "x2": 2790, "y2": 1868.705764845321}, "nipple": {"x": 2073.020105, "y": 2028.77831}}