{"pectoral_line": {"x1": 390.8127817949525, "y1": 10, "x2": 10, "y2": 1673.789159399596}, "nipple": {"x": 1087.609505, "y": 1958.738515}}