{"pectoral_line": {"x1": 797.0362613967224, "y1": 10, "x2": 10, "y2": 1699.60847640558}, "nipple": {"x": 820.276385, "y": 2050.79092}}