{"pectoral_line": {"x1": 618.4685560012026, "y1": 10, "x2": 10, "y2": 1617.4467572099745}, "nipple": {"x": 869.485505, "y": 1628.550855}}