{"pectoral_line": {"x1": 225.22236909038403, "y1": 10, "x2": 10, "y2": 1834.0095316348297}, "nipple": {"x": 810.553905, "y": 1785.742495}}