{"pectoral_line": {"x1": 778.6215555663584, "y1": 10, "x2": 10, "y2": 1887.82591897936}, "nipple": {"x": 669.371745, "y": 2014.77046}}