{"pectoral_line": {"x1": 2402.560509090896, "y1": 10, "x2": 2790, "y2": 2174.4952765693943}, "nipple": {"x": 1550.647025, "y": 2192.7090850000004}}