{"pectoral_line": {"x1": 983.053113979818, "y1": 10, "x2": 10, "y2": 2052.873947037464}, "nipple": {"x": 989.5538, "y": 2603.1048650000002}}