{"pectoral_line": {"x1": 2146.8243130065202, "y1": 10, "x2": 2790, "y2": 1645.192443560076}, "nipple": {"x": 1907.873185, "y": 1672.696235}}