{"pectoral_line": {"x1": 1908.4981642928597, "y1": 10, "x2": 2802, "y2": 2309.010967398462}, "nipple": {"x": 1874.50757, "y": 2553.460615}}