{"pectoral_line": {"x1": 1286.3963407926215, "y1": 10, "x2": 2002, "y2": 1482.3338354606447}, "nipple": {"x": 1355.21064, "y": 1584.8490849999998}}