{"pectoral_line": {"x1": 954.258838390761, "y1": 10, "x2": 10, "y2": 1447.4937262487617}, "nipple": {"x": 747.2479999999999, "y": 1711.13196}}