{"pectoral_line": {"x1": 878.743145834437, "y1": 10, "x2": 10, "y2": 1564.852816245907}, "nipple": {"x": 628.33723, "y": 1752.801295}}