{"pectoral_line": {"x1": 2087.036525137076, "y1": 10, "x2": 2790, "y2": 1452.1088742055758}, "nipple": {"x": 1932.74336, "y": 2032.18338}}