{"pectoral_line": {"x1": 1157.8500246343815, "y1": 10, "x2": 10, "y2": 1907.7787556825035}, "nipple": {"x": 706.55134, "y": 1907.8324750000002}}