{"pectoral_line": {"x1": 2138.7222453397517, "y1": 10, "x2": 2790, "y2": 1456.8259020525043}, "nipple": {"x": 1990.973405, "y": 2060.79651}}