{"pectoral_line": {"x1": 928.9294931698412, "y1": 10, "x2": 2002, "y2": 1716.4802392730123}, "nipple": {"x": 1213.160195, "y": 2124.954145}}