{"pectoral_line": {"x1": 2282.9862490784462, "y1": 10, "x2": 2790, "y2": 1986.7828638112446}, "nipple": {"x": 2000.97914, "y": 2370.972875}}