{"pectoral_line": {"x1": 2221.2399788696234, "y1": 10, "x2": 2790, "y2": 2179.714124954636}, "nipple": {"x": 1212.53092, "y": 2567.08439}}