{"pectoral_line": {"x1": 962.8555294278067, "y1": 10, "x2": 10, "y2": 1821.7674468566345}, "nipple": {"x": 857.47867, "y": 2278.92063}}