{"pectoral_line": {"x1": 774.8068295955883, "y1": 10, "x2": 10, "y2": 1528.4485959854017}, "nipple": {"x": 847.7913100000001, "y": 1930.13015}}