{"pectoral_line": {"x1": 2263.9439873600336, "y1": 10, "x2": 2790, "y2": 1451.3362186372253}, "nipple": {"x": 2147.06221, "y": 1694.58837}}