{"pectoral_line": {"x1": 760.1707410082295, "y1": 10, "x2": 10, "y2": 1398.4375755727172}, "nipple": {"x": 1037.82077, "y": 1931.95033}}