{"pectoral_line": {"x1": 1846.5758093195775, "y1": 10, "x2": 2790, "y2": 2034.3009178292361}, "nipple": {"x": 2095.0326, "y": 2158.85229}}