{"pectoral_line": {"x1": 643.9565381747694, "y1": 10, "x2": 10, "y2": 2020.1060840849016}, "nipple": {"x": 1052.347825, "y": 2279.66881}}