{"pectoral_line": {"x1": 2123.6003204045705, "y1": 10, "x2": 2790, "y2": 1805.817264610981}, "nipple": {"x": 1864.9017000000001, "y": 1782.63835}}