{"pectoral_line": {"x1": 2061.9767742095155, "y1": 10, "x2": 2790, "y2": 1824.9311639852958}, "nipple": {"x": 1817.2704, "y": 1885.223225}}