{"pectoral_line": {"x1": 728.3979143460971, "y1": 10, "x2": 10, "y2": 1854.040533486636}, "nipple": {"x": 819.4570349999999, "y": 2028.7786250000001}}