{"pectoral_line": {"x1": 1478.1265854694875, "y1": 10, "x2": 2002, "y2": 1454.0984311093214}, "nipple": {"x": 1152.06841, "y": 1848.774025}}