{"pectoral_line": {"x1": 2134.012022820601, "y1": 10, "x2": 2790, "y2": 1519.6136719964718}, "nipple": {"x": 1940.944995, "y": 1970.745425}}