{"pectoral_line": {"x1": 875.1039652928057, "y1": 10, "x2": 10, "y2": 1750.8226891727704}, "nipple": {"x": 875.4889149999999, "y": 1876.69195}}