{"pectoral_line": {"x1": 2102.809405840424, "y1": 10, "x2": 2790, "y2": 1447.2927014145446}, "nipple": {"x": 1612.75838, "y": 1782.63843}}