{"pectoral_line": {"x1": 2277.773052818159, "y1": 10, "x2": 2790, "y2": 1770.1980628998965}, "nipple": {"x": 2177.079215, "y": 1956.7374599999998}}