{"pectoral_line": {"x1": 445.50531673480293, "y1": 10, "x2": 10, "y2": 2146.3299579404525}, "nipple": {"x": 1035.579935, "y": 2062.79774}}