{"pectoral_line": {"x1": 2124.1411053485995, "y1": 10, "x2": 2790, "y2": 2076.2761380245533}, "nipple": {"x": 1806.13154, "y": 2163.31705}}