{"pectoral_line": {"x1": 2011.1080290658929, "y1": 10, "x2": 2790, "y2": 1765.1032348939398}, "nipple": {"x": 1817.436165, "y": 1810.61268}}