{"pectoral_line": {"x1": 632.0275075913393, "y1": 10, "x2": 10, "y2": 1618.8530831876697}, "nipple": {"x": 701.389945, "y": 1824.662345}}