{"pectoral_line": {"x1": 1732.4637491092617, "y1": 10, "x2": 2790, "y2": 1848.0989801781818}, "nipple": {"x": 1920.93363, "y": 2262.91147}}