{"pectoral_line": {"x1": 2075.278903606222, "y1": 10, "x2": 2790, "y2": 2037.6326624446733}, "nipple": {"x": 1981.33671, "y": 2080.80796}}