{"pectoral_line": {"x1": 2300.4741631847096, "y1": 10, "x2": 2790, "y2": 1772.2929146855358}, "nipple": {"x": 1918.932485, "y": 2108.823825}}