{"pectoral_line": {"x1": 2040.1437627735568, "y1": 10, "x2": 2790, "y2": 1859.024787214924}, "nipple": {"x": 1932.9404000000002, "y": 2294.9296600000002}}