{"pectoral_line": {"x1": 745.3430021141185, "y1": 10, "x2": 10, "y2": 1415.5007072459564}, "nipple": {"x": 827.4616149999999, "y": 1836.6691700000001}}