{"pectoral_line": {"x1": 2116.828168011352, "y1": 10, "x2": 2790, "y2": 2121.941299837013}, "nipple": {"x": 1909.2957549999999, "y": 2092.814805}}