{"pectoral_line": {"x1": 745.6800049254018, "y1": 10, "x2": 10, "y2": 2125.714190112141}, "nipple": {"x": 643.35696, "y": 2284.924}}