{"pectoral_line": {"x1": 1243.5687355834523, "y1": 10, "x2": 2002, "y2": 1492.9028208802013}, "nipple": {"x": 1162.5586349999999, "y": 1926.162405}}