{"pectoral_line": {"x1": 600.1304762172963, "y1": 10, "x2": 10, "y2": 1452.541176232781}, "nipple": {"x": 1130.594335, "y": 1885.5635750000001}}