{"pectoral_line": {"x1": 2006.86286984903, "y1": 10, "x2": 2790, "y2": 1676.9633379186262}, "nipple": {"x": 2163.3577, "y": 1889.745065}}