{"pectoral_line": {"x1": 2234.128247952771, "y1": 10, "x2": 2790, "y2": 1957.8864149899218}, "nipple": {"x": 1702.809585, "y": 1978.7499}}