{"pectoral_line": {"x1": 742.6229760394099, "y1": 10, "x2": 10, "y2": 1620.9367970868182}, "nipple": {"x": 892.31733, "y": 1964.741955}}