{"pectoral_line": {"x1": 2185.9431684053316, "y1": 10, "x2": 2790, "y2": 1659.7896282380993}, "nipple": {"x": 1634.30126, "y": 2077.401875}}