{"pectoral_line": {"x1": 1118.8461501990546, "y1": 10, "x2": 10, "y2": 1533.6764059487768}, "nipple": {"x": 827.611085, "y": 1935.198415}}