{"pectoral_line": {"x1": 812.9339683735827, "y1": 10, "x2": 10, "y2": 1313.5995446609775}, "nipple": {"x": 826.6808100000001, "y": 1791.19045}}