{"pectoral_line": {"x1": 801.455770341435, "y1": 10, "x2": 10, "y2": 1533.3396634805786}, "nipple": {"x": 812.2849299999999, "y": 1797.5885500000002}}