{"pectoral_line": {"x1": 673.9532772251123, "y1": 10, "x2": 10, "y2": 1701.0060134630855}, "nipple": {"x": 763.4252349999999, "y": 1908.71011}}