{"pectoral_line": {"x1": 2076.0375811300173, "y1": 10, "x2": 2790, "y2": 1885.4839034638953}, "nipple": {"x": 1500.6947049999999, "y": 2425.0036050000003}}