{"pectoral_line": {"x1": 818.1095255565492, "y1": 10, "x2": 10, "y2": 1558.876591684266}, "nipple": {"x": 1061.51667, "y": 2034.444305}}