{"pectoral_line": {"x1": 863.5758509374393, "y1": 10, "x2": 10, "y2": 1740.119680927811}, "nipple": {"x": 559.556825, "y": 1784.7921900000001}}