{"pectoral_line": {"x1": 1343.1215702791546, "y1": 10, "x2": 2002, "y2": 1516.0078343180612}, "nipple": {"x": 856.152605, "y": 1847.17451}}