{"pectoral_line": {"x1": 527.9207875295095, "y1": 10, "x2": 10, "y2": 1964.8969839630563}, "nipple": {"x": 965.54008, "y": 2108.82383}}