{"pectoral_line": {"x1": 2028.6459033056674, "y1": 10, "x2": 2790, "y2": 1737.3731917656098}, "nipple": {"x": 2275.13493, "y": 1886.69758}}