{"pectoral_line": {"x1": 675.970789419825, "y1": 10, "x2": 10, "y2": 2100.6424610003264}, "nipple": {"x": 1042.619375, "y": 1840.776335}}