{"pectoral_line": {"x1": 596.0121197174057, "y1": 10, "x2": 10, "y2": 1300.1718311705622}, "nipple": {"x": 717.3990699999999, "y": 1696.58953}}