{"pectoral_line": {"x1": 2212.4595259276803, "y1": 10, "x2": 2790, "y2": 1656.4965913641267}, "nipple": {"x": 1886.914235, "y": 1946.73172}}