{"pectoral_line": {"x1": 1045.7612198699044, "y1": 10, "x2": 10, "y2": 2062.162463584808}, "nipple": {"x": 929.39314, "y": 2359.811575}}