{"pectoral_line": {"x1": 1146.047131668529, "y1": 10, "x2": 2002, "y2": 1761.4109904075663}, "nipple": {"x": 1178.823385, "y": 2544.224155}}