{"pectoral_line": {"x1": 930.8093108135104, "y1": 10, "x2": 10, "y2": 1984.624387107488}, "nipple": {"x": 781.43543, "y": 2258.90922}}