{"pectoral_line": {"x1": 2241.2280385644003, "y1": 10, "x2": 2790, "y2": 2150.7534592395455}, "nipple": {"x": 1797.087835, "y": 2265.0587}}