{"pectoral_line": {"x1": 2175.799597537671, "y1": 10, "x2": 2790, "y2": 2028.0870073004312}, "nipple": {"x": 1608.75622, "y": 2276.919255}}