{"pectoral_line": {"x1": 1558.6833705298095, "y1": 10, "x2": 2002, "y2": 1844.6492651671701}, "nipple": {"x": 1424.6022750000002, "y": 1826.7664550000002}}