{"pectoral_line": {"x1": 990.77520239476, "y1": 10, "x2": 10, "y2": 1716.2801641063043}, "nipple": {"x": 736.228605, "y": 2236.89658}}