{"pectoral_line": {"x1": 1304.5926996337344, "y1": 10, "x2": 2002, "y2": 1553.5507429892946}, "nipple": {"x": 640.2140750000001, "y": 2090.305245}}