{"pectoral_line": {"x1": 2035.4605083169592, "y1": 10, "x2": 2790, "y2": 1824.97353905143}, "nipple": {"x": 1844.83091, "y": 2011.71706}}