{"pectoral_line": {"x1": 771.0492581215738, "y1": 10, "x2": 10, "y2": 1501.9578976933383}, "nipple": {"x": 995.557185, "y": 1708.59636}}