{"pectoral_line": {"x1": 2130.7288063541373, "y1": 10, "x2": 2790, "y2": 1518.9985280676315}, "nipple": {"x": 1678.796005, "y": 1882.69531}}