{"pectoral_line": {"x1": 1955.3658582228247, "y1": 10, "x2": 2790, "y2": 1723.585194534589}, "nipple": {"x": 1978.96651, "y": 1968.744185}}