{"pectoral_line": {"x1": 860.0074998622629, "y1": 10, "x2": 10, "y2": 1811.7253137474797}, "nipple": {"x": 1067.598135, "y": 1952.73514}}