{"pectoral_line": {"x1": 673.5075204332286, "y1": 10, "x2": 10, "y2": 1797.5248055243308}, "nipple": {"x": 818.2358650000001, "y": 1962.0947500000002}}