{"pectoral_line": {"x1": 1705.2216472575983, "y1": 10, "x2": 2790, "y2": 2161.6254193887644}, "nipple": {"x": 1998.9779800000001, "y": 2469.028745}}