{"pectoral_line": {"x1": 1220.702722179286, "y1": 10, "x2": 2002, "y2": 1595.573881732281}, "nipple": {"x": 936.658855, "y": 1790.622585}}