{"pectoral_line": {"x1": 2135.153059309462, "y1": 10, "x2": 2790, "y2": 1980.7186769870543}, "nipple": {"x": 1810.8710449999999, "y": 2174.86151}}