{"pectoral_line": {"x1": 739.0572193945302, "y1": 10, "x2": 10, "y2": 1568.8394436011802}, "nipple": {"x": 735.4439649999999, "y": 1740.0209849999999}}