{"pectoral_line": {"x1": 399.38939940901935, "y1": 10, "x2": 10, "y2": 2203.560231808745}, "nipple": {"x": 1129.633415, "y": 2587.09572}}