{"pectoral_line": {"x1": 2137.1583627294413, "y1": 10, "x2": 2790, "y2": 1773.1866432139252}, "nipple": {"x": 1792.86079, "y": 1794.645285}}