{"pectoral_line": {"x1": 2175.7742573669843, "y1": 10, "x2": 2790, "y2": 1848.2591033819676}, "nipple": {"x": 1830.8824049999998, "y": 1958.738555}}