{"pectoral_line": {"x1": 981.0194700776663, "y1": 10, "x2": 2002, "y2": 2044.7796236850152}, "nipple": {"x": 1078.489345, "y": 2371.8253}}