{"pectoral_line": {"x1": 600.5226212897485, "y1": 10, "x2": 10, "y2": 1480.838765216619}, "nipple": {"x": 783.43659, "y": 1788.64184}}