{"pectoral_line": {"x1": 504.1492009424537, "y1": 10, "x2": 10, "y2": 2068.9549331905496}, "nipple": {"x": 649.36038, "y": 2200.87605}}