{"pectoral_line": {"x1": 717.9176336761994, "y1": 10, "x2": 10, "y2": 1805.27910106792}, "nipple": {"x": 860.29427, "y": 1767.6551000000002}}