{"pectoral_line": {"x1": 831.5595467087425, "y1": 10, "x2": 10, "y2": 2067.4708689918557}, "nipple": {"x": 741.41268, "y": 1914.7134800000001}}