{"pectoral_line": {"x1": 550.7594593551997, "y1": 10, "x2": 10, "y2": 2012.5928663613336}, "nipple": {"x": 899.50258, "y": 2114.827255}}