{"pectoral_line": {"x1": 299.7130443992824, "y1": 10, "x2": 10, "y2": 2067.553871471207}, "nipple": {"x": 1303.7323900000001, "y": 1918.71582}}