{"pectoral_line": {"x1": 2456.262887886297, "y1": 10, "x2": 2790, "y2": 1987.7021185011622}, "nipple": {"x": 2175.0779899999998, "y": 1774.6338600000001}}