{"pectoral_line": {"x1": 773.5566824696166, "y1": 10, "x2": 10, "y2": 2108.8018936922517}, "nipple": {"x": 1053.81617, "y": 2208.6717249999997}}