{"pectoral_line": {"x1": 1112.5159502425888, "y1": 10, "x2": 2002, "y2": 1714.8444258054253}, "nipple": {"x": 1025.704375, "y": 2147.88891}}