{"pectoral_line": {"x1": 1738.8892896756074, "y1": 10, "x2": 2790, "y2": 1959.7702348428631}, "nipple": {"x": 2127.0508, "y": 1998.76132}}