{"pectoral_line": {"x1": 2142.7937817400684, "y1": 10, "x2": 2692, "y2": 1758.6727706807806}, "nipple": {"x": 1813.912925, "y": 1921.98452}}