{"pectoral_line": {"x1": 1181.5039348016696, "y1": 10, "x2": 2002, "y2": 1728.2583793939102}, "nipple": {"x": 1503.96833, "y": 1933.5499300000001}}