{"pectoral_line": {"x1": 621.4057034082441, "y1": 10, "x2": 10, "y2": 2227.0102520472296}, "nipple": {"x": 775.4320349999999, "y": 2308.93761}}