{"pectoral_line": {"x1": 2047.3290796010817, "y1": 10, "x2": 2790, "y2": 2190.0984971649555}, "nipple": {"x": 2077.02228, "y": 2044.7874800000002}}