{"pectoral_line": {"x1": 2213.4781833107213, "y1": 10, "x2": 2790, "y2": 1825.7743514795877}, "nipple": {"x": 1817.436165, "y": 1955.31191}}