{"pectoral_line": {"x1": 1953.7947628491706, "y1": 10, "x2": 2790, "y2": 1766.0308575677086}, "nipple": {"x": 1914.930175, "y": 2182.865975}}