{"pectoral_line": {"x1": 425.8075750386686, "y1": 10, "x2": 10, "y2": 1952.504057898592}, "nipple": {"x": 735.9433750000001, "y": 2100.011195}}