{"pectoral_line": {"x1": 508.9441423383572, "y1": 10, "x2": 10, "y2": 1693.4878288477241}, "nipple": {"x": 1352.931015, "y": 2168.682825}}