{"pectoral_line": {"x1": 2142.9288625253484, "y1": 10, "x2": 2790, "y2": 1609.2652598024263}, "nipple": {"x": 1799.348765, "y": 1901.0497}}