{"pectoral_line": {"x1": 948.4452263737928, "y1": 10, "x2": 10, "y2": 1785.2257040060983}, "nipple": {"x": 1121.62885, "y": 2212.8829299999998}}