{"pectoral_line": {"x1": 2092.0225924593287, "y1": 10, "x2": 2790, "y2": 1757.4186189362813}, "nipple": {"x": 1898.92107, "y": 1804.6509500000002}}