{"pectoral_line": {"x1": 825.0257869130612, "y1": 10, "x2": 10, "y2": 2067.5128258486407}, "nipple": {"x": 891.49803, "y": 2230.89327}}