{"pectoral_line": {"x1": 1242.4498206362841, "y1": 10, "x2": 2002, "y2": 1642.7338299332496}, "nipple": {"x": 624.0136349999999, "y": 2296.638035}}