{"pectoral_line": {"x1": 1304.3336673747806, "y1": 10, "x2": 2002, "y2": 1971.4391215378475}, "nipple": {"x": 1278.43246, "y": 1949.545305}}