{"pectoral_line": {"x1": 738.1007793959009, "y1": 10, "x2": 10, "y2": 1891.9552654862655}, "nipple": {"x": 777.4331999999999, "y": 2088.812455}}