{"pectoral_line": {"x1": 842.3662696947874, "y1": 10, "x2": 10, "y2": 1650.9505559126571}, "nipple": {"x": 1111.39984, "y": 1919.153945}}