{"pectoral_line": {"x1": 807.3024338966027, "y1": 10, "x2": 10, "y2": 2003.2560951171472}, "nipple": {"x": 891.49803, "y": 2214.8841150000003}}