{"pectoral_line": {"x1": 1105.6027612689209, "y1": 10, "x2": 2002, "y2": 1476.4880410796568}, "nipple": {"x": 775.818265, "y": 1882.7896449999998}}