{"pectoral_line": {"x1": 538.4301188654057, "y1": 10, "x2": 10, "y2": 1882.7563643277042}, "nipple": {"x": 871.486645, "y": 1954.736245}}