{"pectoral_line": {"x1": 760.8341503745809, "y1": 10, "x2": 10, "y2": 1608.20409979141}, "nipple": {"x": 609.337615, "y": 1944.7306199999998}}