{"pectoral_line": {"x1": 2567.883942615674, "y1": 10, "x2": 2790, "y2": 1675.8700807486098}, "nipple": {"x": 1634.77094, "y": 1940.72822}}