{"pectoral_line": {"x1": 657.9353388919245, "y1": 10, "x2": 10, "y2": 1860.542582867928}, "nipple": {"x": 973.340515, "y": 1806.0908299999999}}