{"pectoral_line": {"x1": 1766.9993094882113, "y1": 10, "x2": 2790, "y2": 1273.405746450479}, "nipple": {"x": 2191.08714, "y": 1784.63959}}