{"pectoral_line": {"x1": 2101.2198630725998, "y1": 10, "x2": 2790, "y2": 2056.082260412406}, "nipple": {"x": 1566.732285, "y": 2280.9217449999996}}