{"pectoral_line": {"x1": 2011.450220101008, "y1": 10, "x2": 2790, "y2": 2017.2814039674925}, "nipple": {"x": 1794.861915, "y": 2489.04009}}