{"pectoral_line": {"x1": 2219.696698185381, "y1": 10, "x2": 2790, "y2": 1216.0512394598147}, "nipple": {"x": 2085.026845, "y": 1528.494}}