{"pectoral_line": {"x1": 2277.2672789276053, "y1": 10, "x2": 2790, "y2": 1863.1048560050851}, "nipple": {"x": 1739.19905, "y": 1860.682765}}