{"pectoral_line": {"x1": 2218.6866674761754, "y1": 10, "x2": 2790, "y2": 1804.7321618123142}, "nipple": {"x": 1636.7720649999999, "y": 2088.812475}}