{"pectoral_line": {"x1": 477.9388823797909, "y1": 10, "x2": 10, "y2": 1554.1983130224924}, "nipple": {"x": 937.524185, "y": 1936.7260449999999}}