{"pectoral_line": {"x1": 1327.5955949155666, "y1": 10, "x2": 10, "y2": 1769.5220275567874}, "nipple": {"x": 843.57329, "y": 2422.940035}}