{"pectoral_line": {"x1": 818.1278980388839, "y1": 10, "x2": 10, "y2": 1573.9310368080016}, "nipple": {"x": 629.34899, "y": 1770.6316499999998}}