{"pectoral_line": {"x1": 1822.9325861486864, "y1": 10, "x2": 2790, "y2": 1926.2261949933084}, "nipple": {"x": 1806.1315399999999, "y": 2421.062485}}