{"pectoral_line": {"x1": 586.4764115371461, "y1": 10, "x2": 10, "y2": 2067.642076146806}, "nipple": {"x": 937.52418, "y": 2238.897815}}