{"pectoral_line": {"x1": 1761.3080585479952, "y1": 10, "x2": 2790, "y2": 2030.3138794607437}, "nipple": {"x": 2016.3976, "y": 2136.18601}}