{"pectoral_line": {"x1": 708.4686353846093, "y1": 10, "x2": 10, "y2": 2006.5659963968008}, "nipple": {"x": 1011.7763, "y": 2457.2373}}