{"pectoral_line": {"x1": 881.8646075541491, "y1": 10, "x2": 10, "y2": 2171.497636335489}, "nipple": {"x": 1249.701665, "y": 2308.9376399999996}}