{"pectoral_line": {"x1": 2090.317417450742, "y1": 10, "x2": 2790, "y2": 2004.0954433054624}, "nipple": {"x": 1584.7424600000002, "y": 2531.0640200000003}}