{"pectoral_line": {"x1": 689.8009741824728, "y1": 10, "x2": 10, "y2": 2059.86138851126}, "nipple": {"x": 506.77185, "y": 2069.51127}}