{"pectoral_line": {"x1": 738.5451674779276, "y1": 10, "x2": 10, "y2": 1572.9835133819577}, "nipple": {"x": 997.5583399999999, "y": 1926.720325}}