{"pectoral_line": {"x1": 646.25482642081, "y1": 10, "x2": 10, "y2": 1487.5835278001953}, "nipple": {"x": 819.5976099999999, "y": 2023.13967}}