{"pectoral_line": {"x1": 486.9171699518771, "y1": 10, "x2": 10, "y2": 3230.4199037915705}, "nipple": {"x": 685.3808399999999, "y": 1932.72372}}