{"pectoral_line": {"x1": 2221.8698509079272, "y1": 10, "x2": 2790, "y2": 2140.488097910217}, "nipple": {"x": 1690.80278, "y": 1938.727185}}