{"pectoral_line": {"x1": 1442.509710017413, "y1": 10, "x2": 2002, "y2": 1333.2388356674273}, "nipple": {"x": 1285.448065, "y": 1553.879625}}