{"pectoral_line": {"x1": 813.4988160360843, "y1": 10, "x2": 10, "y2": 1718.2258382055486}, "nipple": {"x": 1136.456115, "y": 2429.0058750000003}}