{"pectoral_line": {"x1": 772.6117861987384, "y1": 10, "x2": 10, "y2": 1530.3547510897283}, "nipple": {"x": 991.554935, "y": 2110.825015}}