{"pectoral_line": {"x1": 2100.9583464644807, "y1": 10, "x2": 2790, "y2": 1461.9091688809442}, "nipple": {"x": 2043.5286449999999, "y": 1645.56512}}