{"pectoral_line": {"x1": 1958.385681105408, "y1": 10, "x2": 2802, "y2": 2149.219594537803}, "nipple": {"x": 1606.21676, "y": 2634.7262299999998}}