{"pectoral_line": {"x1": 893.2612337301921, "y1": 10, "x2": 10, "y2": 1979.5710591571406}, "nipple": {"x": 815.454805, "y": 2370.97296}}