{"pectoral_line": {"x1": 2241.072105587806, "y1": 10, "x2": 2790, "y2": 1611.3836305009136}, "nipple": {"x": 2067.01673, "y": 1880.69415}}