{"pectoral_line": {"x1": 582.6161069530966, "y1": 10, "x2": 10, "y2": 1723.267409492865}, "nipple": {"x": 911.5093850000001, "y": 1824.66233}}