{"pectoral_line": {"x1": 1827.5575371396776, "y1": 10, "x2": 2790, "y2": 1836.3213732421093}, "nipple": {"x": 1838.88701, "y": 2282.92277}}