{"pectoral_line": {"x1": 1841.324284919735, "y1": 10, "x2": 2790, "y2": 2102.8800178010883}, "nipple": {"x": 1740.0324349999999, "y": 2463.1567}}