{"pectoral_line": {"x1": 873.7115340078913, "y1": 10, "x2": 10, "y2": 1990.4294646897301}, "nipple": {"x": 1027.602785, "y": 2052.5317649999997}}