{"pectoral_line": {"x1": 665.0849828773471, "y1": 10, "x2": 10, "y2": 2053.132183958508}, "nipple": {"x": 1071.600415, "y": 2268.9149}}