{"pectoral_line": {"x1": 1351.672033199219, "y1": 10, "x2": 2002, "y2": 1349.116180066081}, "nipple": {"x": 1336.0160799999999, "y": 1771.995885}}