{"pectoral_line": {"x1": 853.3965287176337, "y1": 10, "x2": 10, "y2": 2073.4040469104816}, "nipple": {"x": 974.065825, "y": 2168.3894950000004}}