{"pectoral_line": {"x1": 2251.180563813094, "y1": 10, "x2": 2790, "y2": 1997.5320894301785}, "nipple": {"x": 1776.85169, "y": 1908.7101049999999}}