{"pectoral_line": {"x1": 682.6893331786739, "y1": 10, "x2": 10, "y2": 1734.9676621435538}, "nipple": {"x": 781.435475, "y": 1880.69414}}