{"pectoral_line": {"x1": 2252.3382716706824, "y1": 10, "x2": 2790, "y2": 1718.4584319174132}, "nipple": {"x": 1924.9357949999999, "y": 1778.63623}}