{"pectoral_line": {"x1": 573.9804558048394, "y1": 10, "x2": 10, "y2": 1853.0074652229437}, "nipple": {"x": 795.44341, "y": 1822.66117}}