{"pectoral_line": {"x1": 2308.7051799151373, "y1": 10, "x2": 2790, "y2": 1930.881882258905}, "nipple": {"x": 1822.87784, "y": 2208.88076}}