{"pectoral_line": {"x1": 918.5738052525836, "y1": 10, "x2": 10, "y2": 1490.0960945786942}, "nipple": {"x": 409.22385, "y": 1850.677115}}