{"pectoral_line": {"x1": 2138.4412221785547, "y1": 10, "x2": 2790, "y2": 1989.1710039285642}, "nipple": {"x": 1720.81981, "y": 2364.9695500000003}}