{"pectoral_line": {"x1": 1898.3665687350938, "y1": 10, "x2": 2790, "y2": 1668.2206654231697}, "nipple": {"x": 1810.65339, "y": 2287.6679550000003}}