{"pectoral_line": {"x1": 1834.9310969574162, "y1": 10, "x2": 2790, "y2": 1848.7311362930807}, "nipple": {"x": 2293.145195, "y": 2126.83415}}