{"pectoral_line": {"x1": 1044.2086332900597, "y1": 10, "x2": 10, "y2": 1884.5032346462244}, "nipple": {"x": 945.528745, "y": 2118.829525}}