{"pectoral_line": {"x1": 895.3131852770057, "y1": 10, "x2": 10, "y2": 1515.7892223417543}, "nipple": {"x": 511.281865, "y": 1828.6645700000001}}