{"pectoral_line": {"x1": 2084.0126731370115, "y1": 10, "x2": 2790, "y2": 1886.0502397339028}, "nipple": {"x": 1600.75158, "y": 2182.865915}}