{"pectoral_line": {"x1": 877.2829797506772, "y1": 10, "x2": 10, "y2": 1663.07627177071}, "nipple": {"x": 936.042955, "y": 1891.825625}}