{"pectoral_line": {"x1": 2138.913832967613, "y1": 10, "x2": 2790, "y2": 1480.4803210146542}, "nipple": {"x": 1942.946175, "y": 2096.817065}}