{"pectoral_line": {"x1": 616.8123756401943, "y1": 10, "x2": 10, "y2": 1799.1581310690376}, "nipple": {"x": 828.6413150000001, "y": 1937.22457}}