{"pectoral_line": {"x1": 2182.1524131002034, "y1": 10, "x2": 2790, "y2": 2137.466539213233}, "nipple": {"x": 2113.6174, "y": 2285.40709}}