{"pectoral_line": {"x1": 434.21043905423187, "y1": 10, "x2": 10, "y2": 1916.7602760792595}, "nipple": {"x": 841.07673, "y": 1893.5612999999998}}