{"pectoral_line": {"x1": 2303.162956475095, "y1": 10, "x2": 2790, "y2": 2068.2738382780376}, "nipple": {"x": 1763.1739499999999, "y": 2197.230935}}