{"pectoral_line": {"x1": 2557.880150703344, "y1": 10, "x2": 2790, "y2": 1825.178273565532}, "nipple": {"x": 1798.8641899999998, "y": 1866.68626}}