{"pectoral_line": {"x1": 700.3484878640746, "y1": 10, "x2": 10, "y2": 1553.5683135216464}, "nipple": {"x": 987.55256, "y": 1954.7361449999999}}