{"pectoral_line": {"x1": 949.6976327786249, "y1": 10, "x2": 10, "y2": 1802.9200770061075}, "nipple": {"x": 901.503685, "y": 2080.8080250000003}}