{"pectoral_line": {"x1": 1094.1077371821707, "y1": 10, "x2": 2002, "y2": 1699.631040911023}, "nipple": {"x": 1036.054735, "y": 2204.470825}}