{"pectoral_line": {"x1": 863.1713029293164, "y1": 10, "x2": 10, "y2": 1639.775941474039}, "nipple": {"x": 957.51403, "y": 1552.8671800000002}}