{"pectoral_line": {"x1": 806.8469045963459, "y1": 10, "x2": 10, "y2": 1576.30988507776}, "nipple": {"x": 1074.6248349999998, "y": 2195.178465}}