{"pectoral_line": {"x1": 2114.3217648610116, "y1": 10, "x2": 2790, "y2": 1337.8546231404434}, "nipple": {"x": 2020.9193950000001, "y": 1830.9610050000001}}