{"pectoral_line": {"x1": 2078.6814827784406, "y1": 10, "x2": 2790, "y2": 1939.0954920256506}, "nipple": {"x": 2067.016695, "y": 1852.67821}}