{"pectoral_line": {"x1": 2122.4783391501333, "y1": 10, "x2": 2790, "y2": 1851.7750883746314}, "nipple": {"x": 1862.900605, "y": 2150.8478}}