{"pectoral_line": {"x1": 744.4918506932258, "y1": 10, "x2": 10, "y2": 1667.0137160550946}, "nipple": {"x": 763.425225, "y": 1946.731705}}