{"pectoral_line": {"x1": 636.6233894804207, "y1": 10, "x2": 10, "y2": 1707.3106114230914}, "nipple": {"x": 891.9472250000001, "y": 1998.2695549999999}}