{"pectoral_line": {"x1": 2541.1088659181523, "y1": 10, "x2": 2790, "y2": 2139.215675209473}, "nipple": {"x": 2152.3870899999997, "y": 2032.1833800000002}}