{"pectoral_line": {"x1": 2164.9225259409877, "y1": 10, "x2": 2790, "y2": 1759.0148719054678}, "nipple": {"x": 2087.028085, "y": 1926.7203}}