{"pectoral_line": {"x1": 2279.41216425053, "y1": 10, "x2": 2790, "y2": 1439.645864663223}, "nipple": {"x": 2117.0450650000002, "y": 1738.6134000000002}}