{"pectoral_line": {"x1": 1266.5409869074633, "y1": 10, "x2": 10, "y2": 1399.0488989384498}, "nipple": {"x": 921.0539749999999, "y": 1875.96632}}