{"pectoral_line": {"x1": 1829.170701369311, "y1": 10, "x2": 2790, "y2": 1921.7531653240285}, "nipple": {"x": 1748.83575, "y": 2136.839765}}