{"pectoral_line": {"x1": 766.2448458054663, "y1": 10, "x2": 10, "y2": 1750.9386429266026}, "nipple": {"x": 686.20301, "y": 1948.529135}}