{"pectoral_line": {"x1": 1692.2971473644745, "y1": 10, "x2": 2790, "y2": 1994.5886091075247}, "nipple": {"x": 1844.567275, "y": 2027.6615299999999}}