{"pectoral_line": {"x1": 789.5574755910532, "y1": 10, "x2": 10, "y2": 1808.1791328893303}, "nipple": {"x": 619.34331, "y": 2028.778375}}