{"pectoral_line": {"x1": 643.8632287182483, "y1": 10, "x2": 10, "y2": 1891.1425120088438}, "nipple": {"x": 1265.7107899999999, "y": 1822.6611950000001}}