{"pectoral_line": {"x1": 644.5896475349446, "y1": 10, "x2": 10, "y2": 1735.454405870603}, "nipple": {"x": 939.5253, "y": 2154.8500050000002}}